"tsec","tsec_r","bcnid","gtwpos","duration","duration_r"
"1565913570","2019-08-15 20:59:30-03","0cf3ee5427e4","GTW_03","60","00:01:00"
"1565913510","2019-08-15 20:58:30-03","0cf3ee5427e4","GTW_04","60","00:01:00"
"1565913360","2019-08-15 20:56:00-03","f45eab274ebb","GTW_03","2580","00:43:00"
"1565913300","2019-08-15 20:55:00-03","f45eab274ebb","GTW_04","60","00:01:00"
"1565913270","2019-08-15 20:54:30-03","001b3510c511","-","450","00:07:30"
"1565913210","2019-08-15 20:53:30-03","001b3510c511","GTW_04","60","00:01:00"
"1565913150","2019-08-15 20:52:30-03","001b3510c511","-","60","00:01:00"
"1565913090","2019-08-15 20:51:30-03","0cf3ee5427e4","GTW_03","420","00:07:00"
"1565913030","2019-08-15 20:50:30-03","0cf3ee5427e4","GTW_04","60","00:01:00"
"1565913030","2019-08-15 20:50:30-03","001b3510c511","GTW_04","120","00:02:00"
"1565912760","2019-08-15 20:46:00-03","001b3510c511","-","270","00:04:30"
"1565912340","2019-08-15 20:39:00-03","001b3510c511","GTW_04","420","00:07:00"
"1565912160","2019-08-15 20:36:00-03","0cf3ee5427e4","GTW_03","870","00:14:30"
"1565912100","2019-08-15 20:35:00-03","0cf3ee5427e4","GTW_04","60","00:01:00"
"1565912010","2019-08-15 20:33:30-03","001b3510c511","-","330","00:05:30"
"1565911950","2019-08-15 20:32:30-03","001b3510c511","GTW_04","60","00:01:00"
"1565911530","2019-08-15 20:25:30-03","001b3510c511","-","420","00:07:00"
"1565911530","2019-08-15 20:25:30-03","f45eab274ebb","GTW_03","1770","00:29:30"
"1565911470","2019-08-15 20:24:30-03","001b3510c511","GTW_04","60","00:01:00"
"1565911470","2019-08-15 20:24:30-03","f45eab274ebb","GTW_04","60","00:01:00"
"1565911260","2019-08-15 20:21:00-03","001b3510c511","-","210","00:03:30"
"1565911200","2019-08-15 20:20:00-03","001b3510c511","GTW_04","60","00:01:00"
"1565911200","2019-08-15 20:20:00-03","0cf3ee5427e4","GTW_03","900","00:15:00"
"1565911170","2019-08-15 20:19:30-03","555600000009","-","45660","12:41:00"
"1565911140","2019-08-15 20:19:00-03","0cf3ee5427e4","GTW_04","60","00:01:00"
"1565911050","2019-08-15 20:17:30-03","001b3510c511","-","150","00:02:30"
"1565910990","2019-08-15 20:16:30-03","001b3510c511","GTW_04","60","00:01:00"
"1565910810","2019-08-15 20:13:30-03","001b3510c511","-","180","00:03:00"
"1565910780","2019-08-15 20:13:00-03","0cf3ee5427e4","GTW_03","360","00:06:00"
"1565910750","2019-08-15 20:12:30-03","001b3510c511","GTW_04","60","00:01:00"
"1565910720","2019-08-15 20:12:00-03","0cf3ee5427e4","GTW_04","60","00:01:00"
"1565910420","2019-08-15 20:07:00-03","001b3510c511","-","330","00:05:30"
"1565910360","2019-08-15 20:06:00-03","001b3510c511","GTW_04","60","00:01:00"
"1565910180","2019-08-15 20:03:00-03","0cf3ee5427e4","GTW_03","540","00:09:00"
"1565910120","2019-08-15 20:02:00-03","0cf3ee5427e4","GTW_04","60","00:01:00"
"1565909910","2019-08-15 19:58:30-03","001b3510c511","-","450","00:07:30"
"1565909790","2019-08-15 19:56:30-03","001b3510c511","GTW_04","120","00:02:00"
"1565908830","2019-08-15 19:40:30-03","0cf3ee5427e4","GTW_03","1290","00:21:30"
"1565908770","2019-08-15 19:39:30-03","0cf3ee5427e4","GTW_04","60","00:01:00"
"1565908740","2019-08-15 19:39:00-03","001b3510c511","-","1050","00:17:30"
"1565908620","2019-08-15 19:37:00-03","001b3510c511","GTW_04","120","00:02:00"
"1565908530","2019-08-15 19:35:30-03","001b3510c511","-","90","00:01:30"
"1565908470","2019-08-15 19:34:30-03","001b3510c511","GTW_04","60","00:01:00"
"1565908020","2019-08-15 19:27:00-03","001b3510c511","-","450","00:07:30"
"1565907900","2019-08-15 19:25:00-03","001b3510c511","GTW_04","120","00:02:00"
"1565907870","2019-08-15 19:24:30-03","0cf3ee5427e4","GTW_03","900","00:15:00"
"1565907810","2019-08-15 19:23:30-03","0cf3ee5427e4","GTW_04","60","00:01:00"
"1565907780","2019-08-15 19:23:00-03","001b3510c511","-","120","00:02:00"
"1565907720","2019-08-15 19:22:00-03","001b3510c511","GTW_04","60","00:01:00"
"1565907660","2019-08-15 19:21:00-03","555600000009","GTW_02","3510","00:58:30"
"1565907600","2019-08-15 19:20:00-03","555600000009","-","60","00:01:00"
"1565907450","2019-08-15 19:17:30-03","555600000001","-","48060","13:21:00"
"1565907420","2019-08-15 19:17:00-03","001b3510c511","-","300","00:05:00"
"1565907360","2019-08-15 19:16:00-03","001b3510c511","GTW_04","60","00:01:00"
"1565907330","2019-08-15 19:15:30-03","0cf3ee5427e4","GTW_03","480","00:08:00"
"1565907270","2019-08-15 19:14:30-03","0cf3ee5427e4","GTW_04","60","00:01:00"
"1565907210","2019-08-15 19:13:30-03","0cf3ee5427e4","GTW_03","60","00:01:00"
"1565907120","2019-08-15 19:12:00-03","555600000009","GTW_02","480","00:08:00"
"1565907120","2019-08-15 19:12:00-03","0cf3ee5427e4","GTW_04","90","00:01:30"
"1565907060","2019-08-15 19:11:00-03","555600000006","GTW_02","9660","02:41:00"
"1565907000","2019-08-15 19:10:00-03","0cf3ee5427e4","GTW_03","120","00:02:00"
"1565906880","2019-08-15 19:08:00-03","0cf3ee5427e4","GTW_04","120","00:02:00"
"1565906730","2019-08-15 19:05:30-03","0cf3ee5427e4","GTW_03","150","00:02:30"
"1565906610","2019-08-15 19:03:30-03","001b3510c511","-","750","00:12:30"
"1565906550","2019-08-15 19:02:30-03","001b3510c511","GTW_04","60","00:01:00"
"1565906490","2019-08-15 19:01:30-03","0cf3ee5427e4","GTW_04","240","00:04:00"
"1565906400","2019-08-15 19:00:00-03","0cf3ee5427e4","GTW_03","90","00:01:30"
"1565906310","2019-08-15 18:58:30-03","0cf3ee5427e4","GTW_04","90","00:01:30"
"1565906310","2019-08-15 18:58:30-03","001b3510c511","-","240","00:04:00"
"1565906250","2019-08-15 18:57:30-03","001b3510c511","GTW_04","60","00:01:00"
"1565906130","2019-08-15 18:55:30-03","0cf3ee5427e4","GTW_03","180","00:03:00"
"1565906040","2019-08-15 18:54:00-03","0cf3ee5427e4","GTW_04","90","00:01:30"
"1565906010","2019-08-15 18:53:30-03","555600000001","GTW_03","1440","00:24:00"
"1565905950","2019-08-15 18:52:30-03","555600000001","-","60","00:01:00"
"1565905920","2019-08-15 18:52:00-03","555600000001","GTW_03","30","00:00:30"
"1565905830","2019-08-15 18:50:30-03","001b3510c511","-","420","00:07:00"
"1565905800","2019-08-15 18:50:00-03","555600000001","GTW_05","120","00:02:00"
"1565905740","2019-08-15 18:49:00-03","0cf3ee5427e4","GTW_03","300","00:05:00"
"1565905710","2019-08-15 18:48:30-03","555600000001","-","90","00:01:30"
"1565905680","2019-08-15 18:48:00-03","0cf3ee5427e4","GTW_04","60","00:01:00"
"1565905560","2019-08-15 18:46:00-03","001b3510c511","GTW_04","270","00:04:30"
"1565905470","2019-08-15 18:44:30-03","0cf3ee5427e4","GTW_03","210","00:03:30"
"1565905410","2019-08-15 18:43:30-03","001b3510c511","-","150","00:02:30"
"1565905350","2019-08-15 18:42:30-03","f45eab274ebb","GTW_03","6120","01:42:00"
"1565905260","2019-08-15 18:41:00-03","0cf3ee5427e4","GTW_04","210","00:03:30"
"1565905260","2019-08-15 18:41:00-03","555600000005","-","58440","16:14:00"
"1565905260","2019-08-15 18:41:00-03","f45eab274ebb","GTW_04","90","00:01:30"
"1565905230","2019-08-15 18:40:30-03","001b3510c511","GTW_04","180","00:03:00"
"1565905200","2019-08-15 18:40:00-03","0cf3ee5427e4","GTW_03","60","00:01:00"
"1565905140","2019-08-15 18:39:00-03","0cf3ee5427e4","GTW_04","60","00:01:00"
"1565905080","2019-08-15 18:38:00-03","001b3510c511","-","150","00:02:30"
"1565905050","2019-08-15 18:37:30-03","0cf3ee5427e4","GTW_03","90","00:01:30"
"1565904990","2019-08-15 18:36:30-03","0cf3ee5427e4","GTW_04","60","00:01:00"
"1565904960","2019-08-15 18:36:00-03","001b3510c511","GTW_04","120","00:02:00"
"1565904840","2019-08-15 18:34:00-03","001b3510c511","-","120","00:02:00"
"1565904780","2019-08-15 18:33:00-03","001b3510c511","GTW_04","60","00:01:00"
"1565904600","2019-08-15 18:30:00-03","001b3510c511","-","180","00:03:00"
"1565904510","2019-08-15 18:28:30-03","555600000006","-","2550","00:42:30"
"1565904420","2019-08-15 18:27:00-03","555600000009","-","2700","00:45:00"
"1565904420","2019-08-15 18:27:00-03","001b3510c511","GTW_04","180","00:03:00"
"1565904360","2019-08-15 18:26:00-03","001b3510c511","-","60","00:01:00"
"1565904360","2019-08-15 18:26:00-03","0cf3ee53f800","GTW_03","10350","02:52:30"
"1565904300","2019-08-15 18:25:00-03","0cf3ee53f800","GTW_04","60","00:01:00"
"1565904240","2019-08-15 18:24:00-03","0cf3ee5427e4","GTW_03","750","00:12:30"
"1565904180","2019-08-15 18:23:00-03","0cf3ee53f800","GTW_03","120","00:02:00"
"1565904120","2019-08-15 18:22:00-03","0cf3ee53f800","GTW_04","60","00:01:00"
"1565904090","2019-08-15 18:21:30-03","0cf3ee5427e4","GTW_04","150","00:02:30"
"1565903970","2019-08-15 18:19:30-03","0cf3ee5427e4","GTW_03","120","00:02:00"
"1565903910","2019-08-15 18:18:30-03","0cf3ee5427e4","GTW_04","60","00:01:00"
"1565903790","2019-08-15 18:16:30-03","0cf3ee5427e4","GTW_03","120","00:02:00"
"1565903730","2019-08-15 18:15:30-03","0cf3ee5427e4","GTW_04","60","00:01:00"
"1565903640","2019-08-15 18:14:00-03","0cf3ee5427e4","GTW_03","90","00:01:30"
"1565903460","2019-08-15 18:11:00-03","0cf3ee5427e4","GTW_04","180","00:03:00"
"1565903400","2019-08-15 18:10:00-03","0cf3ee5427e4","GTW_03","60","00:01:00"
"1565903160","2019-08-15 18:06:00-03","0cf3ee5427e4","GTW_04","240","00:04:00"
"1565902800","2019-08-15 18:00:00-03","0cf3ee5427e4","GTW_03","360","00:06:00"
"1565902650","2019-08-15 17:57:30-03","001b3510c511","GTW_04","1710","00:28:30"
"1565902590","2019-08-15 17:56:30-03","0cf3ee5427e4","GTW_04","210","00:03:30"
"1565902500","2019-08-15 17:55:00-03","f45eab274ebb","GTW_03","2760","00:46:00"
"1565902440","2019-08-15 17:54:00-03","0cf3ee5427e4","GTW_03","150","00:02:30"
"1565902380","2019-08-15 17:53:00-03","f45eab274ebb","GTW_04","120","00:02:00"
"1565902380","2019-08-15 17:53:00-03","0cf3ee5427e4","GTW_04","60","00:01:00"
"1565902260","2019-08-15 17:51:00-03","f45eab274ebb","GTW_03","120","00:02:00"
"1565902260","2019-08-15 17:51:00-03","0cf3ee5427e4","GTW_03","120","00:02:00"
"1565902200","2019-08-15 17:50:00-03","f45eab274ebb","GTW_04","60","00:01:00"
"1565902200","2019-08-15 17:50:00-03","555600000006","GTW_02","2310","00:38:30"
"1565902170","2019-08-15 17:49:30-03","f45eab275a7e","GTW_02","22320","06:12:00"
"1565902170","2019-08-15 17:49:30-03","001b3510c512","GTW_02","22320","06:12:00"
"1565902170","2019-08-15 17:49:30-03","001b3510c4c6","GTW_02","22320","06:12:00"
"1565902170","2019-08-15 17:49:30-03","555600000009","GTW_02","2250","00:37:30"
"1565902170","2019-08-15 17:49:30-03","f45eab274e9a","GTW_02","22320","06:12:00"
"1565902170","2019-08-15 17:49:30-03","e20200195140","GTW_02","22320","06:12:00"
"1565902170","2019-08-15 17:49:30-03","f45eab2755cc","GTW_02","22320","06:12:00"
"1565902170","2019-08-15 17:49:30-03","df7f4bfc6037","GTW_02","22320","06:12:00"
"1565902170","2019-08-15 17:49:30-03","001b3510c4a0","GTW_02","22320","06:12:00"
"1565902170","2019-08-15 17:49:30-03","fbf2fcdcc20a","GTW_02","22320","06:12:00"
"1565902170","2019-08-15 17:49:30-03","001b3510c517","GTW_02","22320","06:12:00"
"1565902140","2019-08-15 17:49:00-03","001b3510c51c","GTW_02","22350","06:12:30"
"1565902140","2019-08-15 17:49:00-03","c5da7d0d24e2","GTW_02","22350","06:12:30"
"1565902140","2019-08-15 17:49:00-03","555600000001","GTW_03","3570","00:59:30"
"1565902140","2019-08-15 17:49:00-03","555600000005","GTW_02","3120","00:52:00"
"1565902140","2019-08-15 17:49:00-03","e2020019de40","GTW_02","22350","06:12:30"
"1565902140","2019-08-15 17:49:00-03","001b3510c4af","GTW_02","22350","06:12:30"
"1565902140","2019-08-15 17:49:00-03","f45eab27517a","GTW_02","22350","06:12:30"
"1565902140","2019-08-15 17:49:00-03","555600000099","GTW_02","16500","04:35:00"
"1565902140","2019-08-15 17:49:00-03","f45eab2755e4","GTW_02","22350","06:12:30"
"1565902080","2019-08-15 17:48:00-03","001b3510c517","-","90","00:01:30"
"1565902080","2019-08-15 17:48:00-03","fbf2fcdcc20a","-","90","00:01:30"
"1565902080","2019-08-15 17:48:00-03","f45eab275a7e","-","90","00:01:30"
"1565902080","2019-08-15 17:48:00-03","001b3510c4a0","-","90","00:01:30"
"1565902080","2019-08-15 17:48:00-03","f45eab2755e4","-","60","00:01:00"
"1565902080","2019-08-15 17:48:00-03","f45eab2755cc","-","90","00:01:30"
"1565902080","2019-08-15 17:48:00-03","001b3510c4af","-","60","00:01:00"
"1565902080","2019-08-15 17:48:00-03","f45eab27517a","-","60","00:01:00"
"1565902080","2019-08-15 17:48:00-03","001b3510c4c6","-","90","00:01:30"
"1565902080","2019-08-15 17:48:00-03","001b3510c512","-","90","00:01:30"
"1565902080","2019-08-15 17:48:00-03","001b3510c51c","-","60","00:01:00"
"1565902080","2019-08-15 17:48:00-03","f45eab274e9a","-","90","00:01:30"
"1565902080","2019-08-15 17:48:00-03","e2020019de40","-","60","00:01:00"
"1565902080","2019-08-15 17:48:00-03","e20200195140","-","90","00:01:30"
"1565902080","2019-08-15 17:48:00-03","df7f4bfc6037","-","90","00:01:30"
"1565902080","2019-08-15 17:48:00-03","0cf3ee5427e4","GTW_04","180","00:03:00"
"1565902080","2019-08-15 17:48:00-03","555600000099","-","60","00:01:00"
"1565902080","2019-08-15 17:48:00-03","555600000009","-","90","00:01:30"
"1565902080","2019-08-15 17:48:00-03","555600000006","-","120","00:02:00"
"1565902080","2019-08-15 17:48:00-03","555600000005","-","60","00:01:00"
"1565902080","2019-08-15 17:48:00-03","555600000001","-","60","00:01:00"
"1565902080","2019-08-15 17:48:00-03","c5da7d0d24e2","-","60","00:01:00"
"1565902020","2019-08-15 17:47:00-03","555600000001","GTW_05","60","00:01:00"
"1565901960","2019-08-15 17:46:00-03","555600000006","GTW_05","120","00:02:00"
"1565901960","2019-08-15 17:46:00-03","555600000001","-","60","00:01:00"
"1565901930","2019-08-15 17:45:30-03","001b3510c4cd","GTW_04","49890","13:51:30"
"1565901930","2019-08-15 17:45:30-03","0cf3ee5427e4","GTW_03","150","00:02:30"
"1565901900","2019-08-15 17:45:00-03","0cf3ee53f800","GTW_03","2220","00:37:00"
"1565901900","2019-08-15 17:45:00-03","f45eab274ebb","GTW_03","300","00:05:00"
"1565901870","2019-08-15 17:44:30-03","f45eab2755e4","GTW_02","210","00:03:30"
"1565901870","2019-08-15 17:44:30-03","555600000099","GTW_02","210","00:03:30"
"1565901870","2019-08-15 17:44:30-03","df7f4bfc6037","GTW_02","210","00:03:30"
"1565901870","2019-08-15 17:44:30-03","001b3510c517","GTW_02","210","00:03:30"
"1565901840","2019-08-15 17:44:00-03","f45eab274ebb","GTW_04","60","00:01:00"
"1565901840","2019-08-15 17:44:00-03","001b3510c512","GTW_02","240","00:04:00"
"1565901840","2019-08-15 17:44:00-03","c5da7d0d24e2","GTW_02","240","00:04:00"
"1565901840","2019-08-15 17:44:00-03","555600000009","GTW_02","240","00:04:00"
"1565901840","2019-08-15 17:44:00-03","e2020019de40","GTW_02","240","00:04:00"
"1565901840","2019-08-15 17:44:00-03","0cf3ee53f800","GTW_04","60","00:01:00"
"1565901840","2019-08-15 17:44:00-03","e20200195140","GTW_02","240","00:04:00"
"1565901840","2019-08-15 17:44:00-03","fbf2fcdcc20a","GTW_02","240","00:04:00"
"1565901840","2019-08-15 17:44:00-03","f45eab2755cc","GTW_02","240","00:04:00"
"1565901840","2019-08-15 17:44:00-03","001b3510c4c6","GTW_02","240","00:04:00"
"1565901840","2019-08-15 17:44:00-03","001b3510c4a0","GTW_02","240","00:04:00"
"1565901840","2019-08-15 17:44:00-03","555600000005","GTW_02","240","00:04:00"
"1565901840","2019-08-15 17:44:00-03","f45eab275a7e","GTW_02","240","00:04:00"
"1565901840","2019-08-15 17:44:00-03","f45eab27517a","GTW_02","240","00:04:00"
"1565901840","2019-08-15 17:44:00-03","001b3510c4af","GTW_02","240","00:04:00"
"1565901840","2019-08-15 17:44:00-03","001b3510c51c","GTW_02","240","00:04:00"
"1565901840","2019-08-15 17:44:00-03","f45eab274e9a","GTW_02","240","00:04:00"
"1565901780","2019-08-15 17:43:00-03","555600000005","-","60","00:01:00"
"1565901780","2019-08-15 17:43:00-03","001b3510c4af","-","60","00:01:00"
"1565901780","2019-08-15 17:43:00-03","f45eab274e9a","-","60","00:01:00"
"1565901780","2019-08-15 17:43:00-03","e2020019de40","-","60","00:01:00"
"1565901780","2019-08-15 17:43:00-03","e20200195140","-","60","00:01:00"
"1565901780","2019-08-15 17:43:00-03","001b3510c51c","-","60","00:01:00"
"1565901780","2019-08-15 17:43:00-03","001b3510c517","-","90","00:01:30"
"1565901780","2019-08-15 17:43:00-03","c5da7d0d24e2","-","60","00:01:00"
"1565901780","2019-08-15 17:43:00-03","001b3510c4c6","-","60","00:01:00"
"1565901780","2019-08-15 17:43:00-03","555600000099","-","90","00:01:30"
"1565901780","2019-08-15 17:43:00-03","f45eab27517a","-","60","00:01:00"
"1565901780","2019-08-15 17:43:00-03","555600000009","-","60","00:01:00"
"1565901780","2019-08-15 17:43:00-03","001b3510c512","-","60","00:01:00"
"1565901780","2019-08-15 17:43:00-03","fbf2fcdcc20a","-","60","00:01:00"
"1565901780","2019-08-15 17:43:00-03","f45eab275a7e","-","60","00:01:00"
"1565901780","2019-08-15 17:43:00-03","001b3510c4a0","-","60","00:01:00"
"1565901780","2019-08-15 17:43:00-03","f45eab2755e4","-","90","00:01:30"
"1565901780","2019-08-15 17:43:00-03","f45eab2755cc","-","60","00:01:00"
"1565901780","2019-08-15 17:43:00-03","df7f4bfc6037","-","90","00:01:30"
"1565901690","2019-08-15 17:41:30-03","0cf3ee5427e4","GTW_04","240","00:04:00"
"1565901660","2019-08-15 17:41:00-03","0cf3ee53f800","GTW_03","180","00:03:00"
"1565901660","2019-08-15 17:41:00-03","001b3510c4cd","GTW_03","270","00:04:30"
"1565901600","2019-08-15 17:40:00-03","0cf3ee53f800","GTW_04","60","00:01:00"
"1565901510","2019-08-15 17:38:30-03","001b3510c4cd","GTW_04","150","00:02:30"
"1565901510","2019-08-15 17:38:30-03","001b3510c511","-","1140","00:19:00"
"1565901390","2019-08-15 17:36:30-03","001b3510c511","GTW_04","120","00:02:00"
"1565901330","2019-08-15 17:35:30-03","f45eab274ebb","GTW_03","510","00:08:30"
"1565901330","2019-08-15 17:35:30-03","001b3510c511","-","60","00:01:00"
"1565901270","2019-08-15 17:34:30-03","f45eab274ebb","GTW_04","60","00:01:00"
"1565901180","2019-08-15 17:33:00-03","001b3510c4cd","GTW_03","330","00:05:30"
"1565901180","2019-08-15 17:33:00-03","f45eab274ebb","GTW_03","90","00:01:30"
"1565901120","2019-08-15 17:32:00-03","001b3510c4cd","GTW_04","60","00:01:00"
"1565901120","2019-08-15 17:32:00-03","f45eab274ebb","GTW_04","60","00:01:00"
"1565900910","2019-08-15 17:28:30-03","001b3510c4cd","GTW_03","210","00:03:30"
"1565900850","2019-08-15 17:27:30-03","0cf3ee5427e4","GTW_03","840","00:14:00"
"1565900790","2019-08-15 17:26:30-03","0cf3ee5427e4","GTW_04","60","00:01:00"
"1565900640","2019-08-15 17:24:00-03","001b3510c4cd","GTW_04","270","00:04:30"
"1565900610","2019-08-15 17:23:30-03","001b3510c511","GTW_04","720","00:12:00"
"1565900610","2019-08-15 17:23:30-03","0cf3ee5427e4","GTW_03","180","00:03:00"
"1565900550","2019-08-15 17:22:30-03","001b3510c511","-","60","00:01:00"
"1565900520","2019-08-15 17:22:00-03","f45eab274ebb","GTW_03","600","00:10:00"
"1565900460","2019-08-15 17:21:00-03","f45eab274ebb","GTW_04","60","00:01:00"
"1565900460","2019-08-15 17:21:00-03","001b3510c511","GTW_04","90","00:01:30"
"1565900400","2019-08-15 17:20:00-03","0cf3ee5427e4","GTW_04","210","00:03:30"
"1565900400","2019-08-15 17:20:00-03","001b3510c511","-","60","00:01:00"
"1565900370","2019-08-15 17:19:30-03","001b3510c4cd","GTW_03","270","00:04:30"
"1565900370","2019-08-15 17:19:30-03","0cf3ee53f800","GTW_03","1230","00:20:30"
"1565900310","2019-08-15 17:18:30-03","001b3510c4cd","GTW_04","60","00:01:00"
"1565900310","2019-08-15 17:18:30-03","0cf3ee53f800","GTW_04","60","00:01:00"
"1565900280","2019-08-15 17:18:00-03","0cf3ee5427e4","GTW_03","120","00:02:00"
"1565900280","2019-08-15 17:18:00-03","001b3510c511","GTW_04","120","00:02:00"
"1565900220","2019-08-15 17:17:00-03","555600000099","GTW_02","1560","00:26:00"
"1565900220","2019-08-15 17:17:00-03","001b3510c511","-","60","00:01:00"
"1565900160","2019-08-15 17:16:00-03","0cf3ee5427e4","GTW_04","120","00:02:00"
"1565900130","2019-08-15 17:15:30-03","001b3510c4cd","GTW_03","180","00:03:00"
"1565900070","2019-08-15 17:14:30-03","0cf3ee5427e4","GTW_03","90","00:01:30"
"1565899980","2019-08-15 17:13:00-03","0cf3ee5427e4","GTW_04","90","00:01:30"
"1565899950","2019-08-15 17:12:30-03","001b3510c4cd","GTW_04","180","00:03:00"
"1565899950","2019-08-15 17:12:30-03","001b3510c511","GTW_04","270","00:04:30"
"1565899920","2019-08-15 17:12:00-03","0cf3ee5427e4","GTW_03","60","00:01:00"
"1565899890","2019-08-15 17:11:30-03","001b3510c511","-","60","00:01:00"
"1565899890","2019-08-15 17:11:30-03","001b3510c4cd","GTW_03","60","00:01:00"
"1565899830","2019-08-15 17:10:30-03","001b3510c511","GTW_04","60","00:01:00"
"1565899620","2019-08-15 17:07:00-03","001b3510c4cd","GTW_04","270","00:04:30"
"1565899590","2019-08-15 17:06:30-03","f45eab274ebb","GTW_03","870","00:14:30"
"1565899560","2019-08-15 17:06:00-03","001b3510c4cd","GTW_03","60","00:01:00"
"1565899530","2019-08-15 17:05:30-03","f45eab274ebb","GTW_04","60","00:01:00"
"1565899530","2019-08-15 17:05:30-03","001b3510c511","-","300","00:05:00"
"1565899470","2019-08-15 17:04:30-03","001b3510c4cd","GTW_04","90","00:01:30"
"1565899470","2019-08-15 17:04:30-03","0cf3ee5427e4","GTW_04","450","00:07:30"
"1565899440","2019-08-15 17:04:00-03","001b3510c511","GTW_04","90","00:01:30"
"1565899380","2019-08-15 17:03:00-03","001b3510c4cd","GTW_03","90","00:01:30"
"1565899350","2019-08-15 17:02:30-03","555600000006","GTW_03","2610","00:43:30"
"1565899320","2019-08-15 17:02:00-03","555600000006","GTW_01","30","00:00:30"
"1565899290","2019-08-15 17:01:30-03","f45eab274ebb","GTW_03","240","00:04:00"
"1565899290","2019-08-15 17:01:30-03","0cf3ee5427e4","GTW_03","180","00:03:00"
"1565899290","2019-08-15 17:01:30-03","001b3510c511","-","150","00:02:30"
"1565899290","2019-08-15 17:01:30-03","555600000006","GTW_05","30","00:00:30"
"1565899260","2019-08-15 17:01:00-03","001b3510c4cd","GTW_04","120","00:02:00"
"1565899230","2019-08-15 17:00:30-03","555600000006","-","60","00:01:00"
"1565899230","2019-08-15 17:00:30-03","001b3510c511","GTW_04","60","00:01:00"
"1565899200","2019-08-15 17:00:00-03","001b3510c4cd","GTW_03","60","00:01:00"
"1565899200","2019-08-15 17:00:00-03","f45eab274ebb","GTW_04","90","00:01:30"
"1565899170","2019-08-15 16:59:30-03","0cf3ee5427e4","GTW_04","120","00:02:00"
"1565899080","2019-08-15 16:58:00-03","0cf3ee5427e4","GTW_03","90","00:01:30"
"1565899020","2019-08-15 16:57:00-03","555600000006","GTW_02","210","00:03:30"
"1565899020","2019-08-15 16:57:00-03","001b3510c4cd","GTW_04","180","00:03:00"
"1565898960","2019-08-15 16:56:00-03","001b3510c511","-","270","00:04:30"
"1565898930","2019-08-15 16:55:30-03","001b3510c4cd","GTW_03","90","00:01:30"
"1565898900","2019-08-15 16:55:00-03","001b3510c511","GTW_04","60","00:01:00"
"1565898750","2019-08-15 16:52:30-03","f45eab274ebb","GTW_03","450","00:07:30"
"1565898750","2019-08-15 16:52:30-03","0cf3ee5427e4","GTW_04","330","00:05:30"
"1565898720","2019-08-15 16:52:00-03","001b3510c4cd","GTW_04","210","00:03:30"
"1565898690","2019-08-15 16:51:30-03","0cf3ee5427e4","GTW_03","60","00:01:00"
"1565898690","2019-08-15 16:51:30-03","f45eab274ebb","GTW_04","60","00:01:00"
"1565898660","2019-08-15 16:51:00-03","001b3510c4cd","GTW_03","60","00:01:00"
"1565898630","2019-08-15 16:50:30-03","f45eab274ebb","GTW_03","60","00:01:00"
"1565898570","2019-08-15 16:49:30-03","0cf3ee5427e4","GTW_04","120","00:02:00"
"1565898540","2019-08-15 16:49:00-03","001b3510c4cd","GTW_04","120","00:02:00"
"1565898510","2019-08-15 16:48:30-03","0cf3ee5427e4","GTW_03","60","00:01:00"
"1565898420","2019-08-15 16:47:00-03","f45eab274ebb","GTW_04","210","00:03:30"
"1565898360","2019-08-15 16:46:00-03","f45eab274ebb","GTW_03","60","00:01:00"
"1565898300","2019-08-15 16:45:00-03","f45eab274ebb","GTW_04","60","00:01:00"
"1565898150","2019-08-15 16:42:30-03","f45eab274ebb","GTW_03","150","00:02:30"
"1565898150","2019-08-15 16:42:30-03","001b3510c511","-","750","00:12:30"
"1565898090","2019-08-15 16:41:30-03","f45eab274ebb","GTW_04","60","00:01:00"
"1565898030","2019-08-15 16:40:30-03","001b3510c4cd","GTW_03","510","00:08:30"
"1565898030","2019-08-15 16:40:30-03","001b3510c511","GTW_04","120","00:02:00"
"1565898030","2019-08-15 16:40:30-03","555600000009","GTW_02","3750","01:02:30"
"1565898000","2019-08-15 16:40:00-03","0cf3ee5427e4","GTW_04","510","00:08:30"
"1565897910","2019-08-15 16:38:30-03","001b3510c511","-","120","00:02:00"
"1565897880","2019-08-15 16:38:00-03","555600000006","-","1140","00:19:00"
"1565897850","2019-08-15 16:37:30-03","555600000099","-","2370","00:39:30"
"1565897850","2019-08-15 16:37:30-03","555600000008","-",NULL,NULL
"1565897820","2019-08-15 16:37:00-03","001b3510c511","GTW_04","90","00:01:30"
"1565897820","2019-08-15 16:37:00-03","001b3510c4cd","GTW_04","210","00:03:30"
"1565897790","2019-08-15 16:36:30-03","555600000009","-","240","00:04:00"
"1565897760","2019-08-15 16:36:00-03","555600000008","GTW_02","90","00:01:30"
"1565897760","2019-08-15 16:36:00-03","f45eab274ebb","GTW_03","330","00:05:30"
"1565897760","2019-08-15 16:36:00-03","001b3510c4cd","GTW_03","60","00:01:00"
"1565897640","2019-08-15 16:34:00-03","f45eab274ebb","GTW_04","120","00:02:00"
"1565897580","2019-08-15 16:33:00-03","001b3510c516","GTW_01","49560","13:46:00"
"1565897550","2019-08-15 16:32:30-03","001b3510c4cd","GTW_04","210","00:03:30"
"1565897520","2019-08-15 16:32:00-03","001b3510c516","-","60","00:01:00"
"1565897520","2019-08-15 16:32:00-03","f45eab274ebb","GTW_03","120","00:02:00"
"1565897490","2019-08-15 16:31:30-03","0cf3ee5427e4","GTW_03","510","00:08:30"
"1565897490","2019-08-15 16:31:30-03","555600000008","-","270","00:04:30"
"1565897460","2019-08-15 16:31:00-03","001b3510c516","GTW_01","60","00:01:00"
"1565897430","2019-08-15 16:30:30-03","001b3510c4cd","GTW_03","120","00:02:00"
"1565897400","2019-08-15 16:30:00-03","0cf3ee5427e4","GTW_04","90","00:01:30"
"1565897400","2019-08-15 16:30:00-03","f45eab274ebb","GTW_04","120","00:02:00"
"1565897400","2019-08-15 16:30:00-03","001b3510c511","-","420","00:07:00"
"1565897340","2019-08-15 16:29:00-03","555600000008","GTW_02","150","00:02:30"
"1565897340","2019-08-15 16:29:00-03","001b3510c511","GTW_04","60","00:01:00"
"1565897160","2019-08-15 16:26:00-03","fbf2fcdcc20a","GTW_02","4620","01:17:00"
"1565897130","2019-08-15 16:25:30-03","e20200195140","GTW_02","4650","01:17:30"
"1565897130","2019-08-15 16:25:30-03","e2020019de40","GTW_02","4650","01:17:30"
"1565897130","2019-08-15 16:25:30-03","f45eab274e9a","GTW_02","4650","01:17:30"
"1565897130","2019-08-15 16:25:30-03","c5da7d0d24e2","GTW_02","4650","01:17:30"
"1565897130","2019-08-15 16:25:30-03","555600000006","GTW_02","750","00:12:30"
"1565897130","2019-08-15 16:25:30-03","001b3510c4c6","GTW_02","4650","01:17:30"
"1565897130","2019-08-15 16:25:30-03","555600000005","GTW_02","4650","01:17:30"
"1565897130","2019-08-15 16:25:30-03","f45eab2755e4","GTW_02","4650","01:17:30"
"1565897130","2019-08-15 16:25:30-03","001b3510c51c","GTW_02","4650","01:17:30"
"1565897130","2019-08-15 16:25:30-03","555600000099","GTW_02","720","00:12:00"
"1565897130","2019-08-15 16:25:30-03","001b3510c517","GTW_02","4650","01:17:30"
"1565897130","2019-08-15 16:25:30-03","001b3510c4af","GTW_02","4650","01:17:30"
"1565897130","2019-08-15 16:25:30-03","f45eab2755cc","GTW_02","4650","01:17:30"
"1565897130","2019-08-15 16:25:30-03","f45eab27517a","GTW_02","4650","01:17:30"
"1565897130","2019-08-15 16:25:30-03","001b3510c512","GTW_02","4650","01:17:30"
"1565897130","2019-08-15 16:25:30-03","f45eab275a7e","GTW_02","4650","01:17:30"
"1565897130","2019-08-15 16:25:30-03","df7f4bfc6037","GTW_02","4650","01:17:30"
"1565897130","2019-08-15 16:25:30-03","001b3510c4a0","GTW_02","4650","01:17:30"
"1565897070","2019-08-15 16:24:30-03","001b3510c517","-","60","00:01:00"
"1565897070","2019-08-15 16:24:30-03","f45eab2755e4","-","60","00:01:00"
"1565897070","2019-08-15 16:24:30-03","555600000005","-","60","00:01:00"
"1565897070","2019-08-15 16:24:30-03","f45eab275a7e","-","60","00:01:00"
"1565897070","2019-08-15 16:24:30-03","f45eab2755cc","-","60","00:01:00"
"1565897070","2019-08-15 16:24:30-03","555600000006","-","60","00:01:00"
"1565897070","2019-08-15 16:24:30-03","001b3510c512","-","60","00:01:00"
"1565897070","2019-08-15 16:24:30-03","001b3510c4a0","-","60","00:01:00"
"1565897070","2019-08-15 16:24:30-03","fbf2fcdcc20a","-","90","00:01:30"
"1565897070","2019-08-15 16:24:30-03","f45eab27517a","-","60","00:01:00"
"1565897070","2019-08-15 16:24:30-03","555600000099","-","60","00:01:00"
"1565897070","2019-08-15 16:24:30-03","001b3510c4c6","-","60","00:01:00"
"1565897070","2019-08-15 16:24:30-03","c5da7d0d24e2","-","60","00:01:00"
"1565897070","2019-08-15 16:24:30-03","001b3510c51c","-","60","00:01:00"
"1565897070","2019-08-15 16:24:30-03","df7f4bfc6037","-","60","00:01:00"
"1565897070","2019-08-15 16:24:30-03","e20200195140","-","60","00:01:00"
"1565897070","2019-08-15 16:24:30-03","e2020019de40","-","60","00:01:00"
"1565897070","2019-08-15 16:24:30-03","f45eab274e9a","-","60","00:01:00"
"1565897070","2019-08-15 16:24:30-03","001b3510c4af","-","60","00:01:00"
"1565896980","2019-08-15 16:23:00-03","f45eab274ebb","GTW_03","420","00:07:00"
"1565896890","2019-08-15 16:21:30-03","0cf3ee5427e4","GTW_03","510","00:08:30"
"1565896860","2019-08-15 16:21:00-03","f45eab274ebb","GTW_04","120","00:02:00"
"1565896830","2019-08-15 16:20:30-03","001b3510c516","-","630","00:10:30"
"1565896800","2019-08-15 16:20:00-03","f45eab274ebb","GTW_03","60","00:01:00"
"1565896740","2019-08-15 16:19:00-03","0cf3ee5427e4","GTW_04","150","00:02:30"
"1565896740","2019-08-15 16:19:00-03","001b3510c516","GTW_01","90","00:01:30"
"1565896740","2019-08-15 16:19:00-03","001b3510c4cd","GTW_04","690","00:11:30"
"1565896680","2019-08-15 16:18:00-03","001b3510c4cd","GTW_03","60","00:01:00"
"1565896650","2019-08-15 16:17:30-03","f45eab274ebb","GTW_04","150","00:02:30"
"1565896620","2019-08-15 16:17:00-03","001b3510c4cd","GTW_04","60","00:01:00"
"1565896590","2019-08-15 16:16:30-03","001b3510c516","-","150","00:02:30"
"1565896500","2019-08-15 16:15:00-03","001b3510c516","GTW_01","90","00:01:30"
"1565896410","2019-08-15 16:13:30-03","001b3510c511","-","930","00:15:30"
"1565896320","2019-08-15 16:12:00-03","001b3510c516","-","180","00:03:00"
"1565896260","2019-08-15 16:11:00-03","001b3510c516","GTW_01","60","00:01:00"
"1565896200","2019-08-15 16:10:00-03","001b3510c516","-","60","00:01:00"
"1565896200","2019-08-15 16:10:00-03","001b3510c4cd","GTW_03","420","00:07:00"
"1565896050","2019-08-15 16:07:30-03","555600000008","-","1290","00:21:30"
"1565896020","2019-08-15 16:07:00-03","f45eab274ebb","GTW_03","630","00:10:30"
"1565895960","2019-08-15 16:06:00-03","0cf3ee53f800","GTW_03","4350","01:12:30"
"1565895960","2019-08-15 16:06:00-03","f45eab274ebb","GTW_04","60","00:01:00"
"1565895930","2019-08-15 16:05:30-03","555600000009","GTW_03","1860","00:31:00"
"1565895930","2019-08-15 16:05:30-03","001b3510c4cd","GTW_04","270","00:04:30"
"1565895930","2019-08-15 16:05:30-03","001b3510c516","GTW_01","270","00:04:30"
"1565895870","2019-08-15 16:04:30-03","f45eab274ebb","GTW_03","90","00:01:30"
"1565895870","2019-08-15 16:04:30-03","001b3510c4cd","GTW_03","60","00:01:00"
"1565895870","2019-08-15 16:04:30-03","001b3510c516","-","60","00:01:00"
"1565895810","2019-08-15 16:03:30-03","001b3510c516","GTW_01","60","00:01:00"
"1565895780","2019-08-15 16:03:00-03","555600000008","GTW_02","270","00:04:30"
"1565895750","2019-08-15 16:02:30-03","f45eab274ebb","GTW_04","120","00:02:00"
"1565895750","2019-08-15 16:02:30-03","555600000009","-","180","00:03:00"
"1565895750","2019-08-15 16:02:30-03","001b3510c516","-","60","00:01:00"
"1565895660","2019-08-15 16:01:00-03","555600000008","-","120","00:02:00"
"1565895570","2019-08-15 15:59:30-03","555600000008","GTW_02","90","00:01:30"
"1565895570","2019-08-15 15:59:30-03","001b3510c4cd","GTW_04","300","00:05:00"
"1565895570","2019-08-15 15:59:30-03","f45eab274ebb","GTW_03","180","00:03:00"
"1565895450","2019-08-15 15:57:30-03","001b3510c4cd","GTW_03","120","00:02:00"
"1565895360","2019-08-15 15:56:00-03","555600000008","-","210","00:03:30"
"1565895360","2019-08-15 15:56:00-03","f45eab274ebb","GTW_04","210","00:03:30"
"1565895300","2019-08-15 15:55:00-03","f45eab274ebb","GTW_03","60","00:01:00"
"1565895240","2019-08-15 15:54:00-03","001b3510c4cd","GTW_04","210","00:03:30"
"1565895210","2019-08-15 15:53:30-03","001b3510c516","GTW_01","540","00:09:00"
"1565895180","2019-08-15 15:53:00-03","001b3510c4cd","GTW_03","60","00:01:00"
"1565895060","2019-08-15 15:51:00-03","f45eab274ebb","GTW_04","240","00:04:00"
"1565895000","2019-08-15 15:50:00-03","0cf3ee53f800","GTW_04","960","00:16:00"
"1565894970","2019-08-15 15:49:30-03","555600000008","GTW_02","390","00:06:30"
"1565894940","2019-08-15 15:49:00-03","001b3510c516","-","270","00:04:30"
"1565894910","2019-08-15 15:48:30-03","f45eab274ebb","GTW_03","150","00:02:30"
"1565894880","2019-08-15 15:48:00-03","0cf3ee53f800","GTW_03","120","00:02:00"
"1565894880","2019-08-15 15:48:00-03","555600000001","GTW_03","7080","01:58:00"
"1565894850","2019-08-15 15:47:30-03","555600000008","-","120","00:02:00"
"1565894850","2019-08-15 15:47:30-03","555600000001","GTW_05","30","00:00:30"
"1565894700","2019-08-15 15:45:00-03","555600000001","GTW_01","150","00:02:30"
"1565894670","2019-08-15 15:44:30-03","001b3510c516","GTW_01","270","00:04:30"
"1565894610","2019-08-15 15:43:30-03","001b3510c516","-","60","00:01:00"
"1565894580","2019-08-15 15:43:00-03","555600000008","GTW_02","270","00:04:30"
"1565894520","2019-08-15 15:42:00-03","0cf3ee53f800","GTW_04","360","00:06:00"
"1565894490","2019-08-15 15:41:30-03","f45eab274ebb","GTW_04","420","00:07:00"
"1565894460","2019-08-15 15:41:00-03","555600000008","-","120","00:02:00"
"1565894460","2019-08-15 15:41:00-03","001b3510c516","GTW_01","150","00:02:30"
"1565894460","2019-08-15 15:41:00-03","0cf3ee53f800","GTW_03","60","00:01:00"
"1565894400","2019-08-15 15:40:00-03","001b3510c516","-","60","00:01:00"
"1565894370","2019-08-15 15:39:30-03","0cf3ee53f800","GTW_04","90","00:01:30"
"1565894370","2019-08-15 15:39:30-03","f45eab274ebb","GTW_03","120","00:02:00"
"1565894310","2019-08-15 15:38:30-03","001b3510c516","GTW_01","90","00:01:30"
"1565894250","2019-08-15 15:37:30-03","0cf3ee53f800","GTW_03","120","00:02:00"
"1565894220","2019-08-15 15:37:00-03","f45eab274ebb","GTW_04","150","00:02:30"
"1565894160","2019-08-15 15:36:00-03","f45eab274ebb","GTW_03","60","00:01:00"
"1565894040","2019-08-15 15:34:00-03","f45eab274ebb","GTW_04","120","00:02:00"
"1565893980","2019-08-15 15:33:00-03","0cf3ee53f800","GTW_04","270","00:04:30"
"1565893950","2019-08-15 15:32:30-03","555600000008","GTW_02","510","00:08:30"
"1565893890","2019-08-15 15:31:30-03","555600000008","-","60","00:01:00"
"1565893890","2019-08-15 15:31:30-03","f45eab274ebb","GTW_03","150","00:02:30"
"1565893890","2019-08-15 15:31:30-03","0cf3ee53f800","GTW_03","90","00:01:30"
"1565893800","2019-08-15 15:30:00-03","001b3510c516","-","510","00:08:30"
"1565893770","2019-08-15 15:29:30-03","f45eab274ebb","GTW_04","120","00:02:00"
"1565893740","2019-08-15 15:29:00-03","555600000008","GTW_02","150","00:02:30"
"1565893740","2019-08-15 15:29:00-03","001b3510c516","GTW_01","60","00:01:00"
"1565893680","2019-08-15 15:28:00-03","555600000008","-","60","00:01:00"
"1565893650","2019-08-15 15:27:30-03","0cf3ee53f800","GTW_04","240","00:04:00"
"1565893560","2019-08-15 15:26:00-03","555600000008","GTW_02","120","00:02:00"
"1565893500","2019-08-15 15:25:00-03","0cf3ee53f800","GTW_03","150","00:02:30"
"1565893350","2019-08-15 15:22:30-03","001b3510c4cd","GTW_04","1830","00:30:30"
"1565893260","2019-08-15 15:21:00-03","001b3510c4cd","GTW_03","90","00:01:30"
"1565893230","2019-08-15 15:20:30-03","0cf3ee53f800","GTW_04","270","00:04:30"
"1565893230","2019-08-15 15:20:30-03","f45eab274ebb","GTW_03","540","00:09:00"
"1565893200","2019-08-15 15:20:00-03","555600000099","GTW_02","3870","01:04:30"
"1565893140","2019-08-15 15:19:00-03","555600000099","-","60","00:01:00"
"1565893020","2019-08-15 15:17:00-03","0cf3ee53f800","GTW_03","210","00:03:30"
"1565892960","2019-08-15 15:16:00-03","0cf3ee53f800","GTW_04","60","00:01:00"
"1565892810","2019-08-15 15:13:30-03","0cf3ee53f800","GTW_03","150","00:02:30"
"1565892660","2019-08-15 15:11:00-03","001b3510c516","-","1080","00:18:00"
"1565892660","2019-08-15 15:11:00-03","f45eab274ebb","GTW_04","570","00:09:30"
"1565892630","2019-08-15 15:10:30-03","0cf3ee53f800","GTW_04","180","00:03:00"
"1565892600","2019-08-15 15:10:00-03","001b3510c516","GTW_01","60","00:01:00"
"1565892480","2019-08-15 15:08:00-03","0cf3ee53f800","GTW_03","150","00:02:30"
"1565892450","2019-08-15 15:07:30-03","f45eab274ebb","GTW_03","210","00:03:30"
"1565892390","2019-08-15 15:06:30-03","001b3510c516","-","210","00:03:30"
"1565892360","2019-08-15 15:06:00-03","f45eab274ebb","GTW_04","90","00:01:30"
"1565892330","2019-08-15 15:05:30-03","0cf3ee53f800","GTW_04","150","00:02:30"
"1565892330","2019-08-15 15:05:30-03","001b3510c516","GTW_01","60","00:01:00"
"1565892270","2019-08-15 15:04:30-03","001b3510c516","-","60","00:01:00"
"1565892240","2019-08-15 15:04:00-03","0cf3ee53f800","GTW_03","90","00:01:30"
"1565891940","2019-08-15 14:59:00-03","001b3510c516","GTW_01","330","00:05:30"
"1565891940","2019-08-15 14:59:00-03","f45eab274ebb","GTW_03","420","00:07:00"
"1565891880","2019-08-15 14:58:00-03","0cf3ee53f800","GTW_04","360","00:06:00"
"1565891820","2019-08-15 14:57:00-03","001b3510c516","-","120","00:02:00"
"1565891820","2019-08-15 14:57:00-03","0cf3ee53f800","GTW_03","60","00:01:00"
"1565891730","2019-08-15 14:55:30-03","f45eab274ebb","GTW_04","210","00:03:30"
"1565891700","2019-08-15 14:55:00-03","0cf3ee53f800","GTW_04","120","00:02:00"
"1565891640","2019-08-15 14:54:00-03","001b3510c512","GTW_02","5430","01:30:30"
"1565891640","2019-08-15 14:54:00-03","555600000006","GTW_02","5430","01:30:30"
"1565891640","2019-08-15 14:54:00-03","f45eab2755cc","GTW_02","5430","01:30:30"
"1565891640","2019-08-15 14:54:00-03","555600000005","GTW_02","5430","01:30:30"
"1565891640","2019-08-15 14:54:00-03","e2020019de40","GTW_02","5430","01:30:30"
"1565891640","2019-08-15 14:54:00-03","001b3510c4af","GTW_02","5430","01:30:30"
"1565891640","2019-08-15 14:54:00-03","df7f4bfc6037","GTW_02","5430","01:30:30"
"1565891640","2019-08-15 14:54:00-03","f45eab2755e4","GTW_02","5430","01:30:30"
"1565891640","2019-08-15 14:54:00-03","555600000009","GTW_02","4110","01:08:30"
"1565891640","2019-08-15 14:54:00-03","001b3510c4c6","GTW_02","5430","01:30:30"
"1565891640","2019-08-15 14:54:00-03","001b3510c51c","GTW_02","5430","01:30:30"
"1565891640","2019-08-15 14:54:00-03","001b3510c516","GTW_01","180","00:03:00"
"1565891640","2019-08-15 14:54:00-03","001b3510c4a0","GTW_02","5430","01:30:30"
"1565891640","2019-08-15 14:54:00-03","e20200195140","GTW_02","5430","01:30:30"
"1565891640","2019-08-15 14:54:00-03","fbf2fcdcc20a","GTW_02","5430","01:30:30"
"1565891640","2019-08-15 14:54:00-03","001b3510c517","GTW_02","5430","01:30:30"
"1565891640","2019-08-15 14:54:00-03","f45eab275a7e","GTW_02","5430","01:30:30"
"1565891640","2019-08-15 14:54:00-03","f45eab274e9a","GTW_02","5430","01:30:30"
"1565891640","2019-08-15 14:54:00-03","c5da7d0d24e2","GTW_02","5430","01:30:30"
"1565891640","2019-08-15 14:54:00-03","f45eab27517a","GTW_02","5430","01:30:30"
"1565891640","2019-08-15 14:54:00-03","555600000099","GTW_02","1500","00:25:00"
"1565891460","2019-08-15 14:51:00-03","c5da7d0d24e2","-","180","00:03:00"
"1565891460","2019-08-15 14:51:00-03","f45eab274e9a","-","180","00:03:00"
"1565891460","2019-08-15 14:51:00-03","e2020019de40","-","180","00:03:00"
"1565891460","2019-08-15 14:51:00-03","e20200195140","-","180","00:03:00"
"1565891460","2019-08-15 14:51:00-03","001b3510c4a0","-","180","00:03:00"
"1565891460","2019-08-15 14:51:00-03","df7f4bfc6037","-","180","00:03:00"
"1565891460","2019-08-15 14:51:00-03","fbf2fcdcc20a","-","180","00:03:00"
"1565891460","2019-08-15 14:51:00-03","001b3510c51c","-","180","00:03:00"
"1565891460","2019-08-15 14:51:00-03","001b3510c517","-","180","00:03:00"
"1565891460","2019-08-15 14:51:00-03","555600000099","-","180","00:03:00"
"1565891460","2019-08-15 14:51:00-03","f45eab27517a","-","180","00:03:00"
"1565891460","2019-08-15 14:51:00-03","555600000009","-","180","00:03:00"
"1565891460","2019-08-15 14:51:00-03","001b3510c4c6","-","180","00:03:00"
"1565891460","2019-08-15 14:51:00-03","f45eab2755cc","-","180","00:03:00"
"1565891460","2019-08-15 14:51:00-03","001b3510c512","-","180","00:03:00"
"1565891460","2019-08-15 14:51:00-03","555600000006","-","180","00:03:00"
"1565891460","2019-08-15 14:51:00-03","f45eab274ebb","GTW_03","270","00:04:30"
"1565891460","2019-08-15 14:51:00-03","001b3510c4af","-","180","00:03:00"
"1565891460","2019-08-15 14:51:00-03","f45eab2755e4","-","180","00:03:00"
"1565891460","2019-08-15 14:51:00-03","f45eab275a7e","-","180","00:03:00"
"1565891460","2019-08-15 14:51:00-03","555600000005","-","180","00:03:00"
"1565891430","2019-08-15 14:50:30-03","001b3510c4cd","GTW_04","1830","00:30:30"
"1565891400","2019-08-15 14:50:00-03","0cf3ee53f800","GTW_03","300","00:05:00"
"1565891340","2019-08-15 14:49:00-03","0cf3ee53f800","GTW_04","60","00:01:00"
"1565891310","2019-08-15 14:48:30-03","001b3510c4cd","GTW_03","120","00:02:00"
"1565891130","2019-08-15 14:45:30-03","0cf3ee53f800","GTW_03","210","00:03:30"
"1565891070","2019-08-15 14:44:30-03","0cf3ee53f800","GTW_04","60","00:01:00"
"1565891040","2019-08-15 14:44:00-03","001b3510c516","-","600","00:10:00"
"1565891040","2019-08-15 14:44:00-03","f45eab274ebb","GTW_04","420","00:07:00"
"1565890980","2019-08-15 14:43:00-03","001b3510c4cd","GTW_04","330","00:05:30"
"1565890920","2019-08-15 14:42:00-03","001b3510c4cd","GTW_03","60","00:01:00"
"1565890860","2019-08-15 14:41:00-03","f45eab274ebb","GTW_03","180","00:03:00"
"1565890830","2019-08-15 14:40:30-03","001b3510c516","GTW_01","210","00:03:30"
"1565890500","2019-08-15 14:35:00-03","001b3510c4af","GTW_02","960","00:16:00"
"1565890500","2019-08-15 14:35:00-03","c5da7d0d24e2","GTW_02","960","00:16:00"
"1565890500","2019-08-15 14:35:00-03","001b3510c517","GTW_02","960","00:16:00"
"1565890500","2019-08-15 14:35:00-03","001b3510c51c","GTW_02","960","00:16:00"
"1565890500","2019-08-15 14:35:00-03","e2020019de40","GTW_02","960","00:16:00"
"1565890500","2019-08-15 14:35:00-03","df7f4bfc6037","GTW_02","960","00:16:00"
"1565890500","2019-08-15 14:35:00-03","555600000009","GTW_02","960","00:16:00"
"1565890500","2019-08-15 14:35:00-03","001b3510c4c6","GTW_02","960","00:16:00"
"1565890500","2019-08-15 14:35:00-03","001b3510c4a0","GTW_02","960","00:16:00"
"1565890500","2019-08-15 14:35:00-03","555600000005","GTW_02","960","00:16:00"
"1565890500","2019-08-15 14:35:00-03","555600000099","GTW_02","960","00:16:00"
"1565890500","2019-08-15 14:35:00-03","f45eab27517a","GTW_02","960","00:16:00"
"1565890500","2019-08-15 14:35:00-03","f45eab2755e4","GTW_02","960","00:16:00"
"1565890500","2019-08-15 14:35:00-03","fbf2fcdcc20a","GTW_02","960","00:16:00"
"1565890500","2019-08-15 14:35:00-03","f45eab275a7e","GTW_02","960","00:16:00"
"1565890500","2019-08-15 14:35:00-03","555600000006","GTW_02","960","00:16:00"
"1565890500","2019-08-15 14:35:00-03","f45eab2755cc","GTW_02","960","00:16:00"
"1565890500","2019-08-15 14:35:00-03","001b3510c512","GTW_02","960","00:16:00"
"1565890500","2019-08-15 14:35:00-03","e20200195140","GTW_02","960","00:16:00"
"1565890500","2019-08-15 14:35:00-03","f45eab274e9a","GTW_02","960","00:16:00"
"1565890440","2019-08-15 14:34:00-03","001b3510c4a0","-","60","00:01:00"
"1565890440","2019-08-15 14:34:00-03","001b3510c512","-","60","00:01:00"
"1565890440","2019-08-15 14:34:00-03","df7f4bfc6037","-","60","00:01:00"
"1565890440","2019-08-15 14:34:00-03","f45eab274e9a","-","60","00:01:00"
"1565890440","2019-08-15 14:34:00-03","001b3510c51c","-","60","00:01:00"
"1565890440","2019-08-15 14:34:00-03","f45eab275a7e","-","60","00:01:00"
"1565890440","2019-08-15 14:34:00-03","555600000006","-","60","00:01:00"
"1565890440","2019-08-15 14:34:00-03","555600000099","-","60","00:01:00"
"1565890440","2019-08-15 14:34:00-03","555600000009","-","60","00:01:00"
"1565890440","2019-08-15 14:34:00-03","001b3510c517","-","60","00:01:00"
"1565890440","2019-08-15 14:34:00-03","001b3510c4c6","-","60","00:01:00"
"1565890440","2019-08-15 14:34:00-03","001b3510c4af","-","60","00:01:00"
"1565890440","2019-08-15 14:34:00-03","f45eab2755e4","-","60","00:01:00"
"1565890440","2019-08-15 14:34:00-03","555600000005","-","60","00:01:00"
"1565890440","2019-08-15 14:34:00-03","f45eab2755cc","-","60","00:01:00"
"1565890440","2019-08-15 14:34:00-03","e2020019de40","-","60","00:01:00"
"1565890440","2019-08-15 14:34:00-03","fbf2fcdcc20a","-","60","00:01:00"
"1565890440","2019-08-15 14:34:00-03","e20200195140","-","60","00:01:00"
"1565890440","2019-08-15 14:34:00-03","c5da7d0d24e2","-","60","00:01:00"
"1565890440","2019-08-15 14:34:00-03","f45eab27517a","-","60","00:01:00"
"1565890410","2019-08-15 14:33:30-03","f45eab274ebb","GTW_04","450","00:07:30"
"1565890320","2019-08-15 14:32:00-03","f45eab274ebb","GTW_03","90","00:01:30"
"1565890170","2019-08-15 14:29:30-03","001b3510c516","-","660","00:11:00"
"1565890140","2019-08-15 14:29:00-03","f45eab274ebb","GTW_04","180","00:03:00"
"1565890050","2019-08-15 14:27:30-03","001b3510c516","GTW_01","120","00:02:00"
"1565889960","2019-08-15 14:26:00-03","f45eab274ebb","GTW_03","180","00:03:00"
"1565889960","2019-08-15 14:26:00-03","001b3510c516","-","90","00:01:30"
"1565889420","2019-08-15 14:17:00-03","f45eab274ebb","GTW_04","540","00:09:00"
"1565889360","2019-08-15 14:16:00-03","f45eab274ebb","GTW_03","60","00:01:00"
"1565889240","2019-08-15 14:14:00-03","001b3510c516","GTW_01","720","00:12:00"
"1565889240","2019-08-15 14:14:00-03","0cf3ee53f800","GTW_03","1830","00:30:30"
"1565889180","2019-08-15 14:13:00-03","0cf3ee53f800","GTW_04","60","00:01:00"
"1565889180","2019-08-15 14:13:00-03","f45eab274ebb","GTW_04","180","00:03:00"
"1565889120","2019-08-15 14:12:00-03","0cf3ee53f800","GTW_03","60","00:01:00"
"1565888940","2019-08-15 14:09:00-03","0cf3ee53f800","GTW_04","180","00:03:00"
"1565888760","2019-08-15 14:06:00-03","0cf3ee53f800","GTW_03","180","00:03:00"
"1565888670","2019-08-15 14:04:30-03","001b3510c516","-","570","00:09:30"
"1565888640","2019-08-15 14:04:00-03","0cf3ee53f800","GTW_04","120","00:02:00"
"1565888580","2019-08-15 14:03:00-03","001b3510c516","GTW_01","90","00:01:30"
"1565888370","2019-08-15 13:59:30-03","0cf3ee53f800","GTW_03","270","00:04:30"
"1565888340","2019-08-15 13:59:00-03","001b3510c516","-","240","00:04:00"
"1565888310","2019-08-15 13:58:30-03","0cf3ee53f800","GTW_04","60","00:01:00"
"1565888250","2019-08-15 13:57:30-03","001b3510c516","GTW_01","90","00:01:30"
"1565888130","2019-08-15 13:55:30-03","0cf3ee53f800","GTW_03","180","00:03:00"
"1565888040","2019-08-15 13:54:00-03","0cf3ee53f800","GTW_04","90","00:01:30"
"1565887800","2019-08-15 13:50:00-03","0cf3ee53f800","GTW_03","240","00:04:00"
"1565887740","2019-08-15 13:49:00-03","001b3510c516","-","510","00:08:30"
"1565887650","2019-08-15 13:47:30-03","0cf3ee53f800","GTW_04","150","00:02:30"
"1565887380","2019-08-15 13:43:00-03","001b3510c516","GTW_01","360","00:06:00"
"1565887230","2019-08-15 13:40:30-03","001b3510c516","-","150","00:02:30"
"1565887230","2019-08-15 13:40:30-03","555600000006","GTW_02","3210","00:53:30"
"1565887080","2019-08-15 13:38:00-03","555600000099","GTW_02","3360","00:56:00"
"1565887050","2019-08-15 13:37:30-03","001b3510c4cd","GTW_04","3870","01:04:30"
"1565886990","2019-08-15 13:36:30-03","001b3510c4cd","GTW_03","60","00:01:00"
"1565886960","2019-08-15 13:36:00-03","001b3510c516","GTW_01","270","00:04:30"
"1565886870","2019-08-15 13:34:30-03","0cf3ee53f800","GTW_03","780","00:13:00"
"1565886870","2019-08-15 13:34:30-03","001b3510c516","-","90","00:01:30"
"1565886720","2019-08-15 13:32:00-03","0cf3ee53f800","GTW_04","150","00:02:30"
"1565886420","2019-08-15 13:27:00-03","f45eab274ebb","GTW_03","2760","00:46:00"
"1565886300","2019-08-15 13:25:00-03","0cf3ee53f800","GTW_03","420","00:07:00"
"1565886240","2019-08-15 13:24:00-03","0cf3ee53f800","GTW_04","60","00:01:00"
"1565886000","2019-08-15 13:20:00-03","0cf3ee53f800","GTW_03","240","00:04:00"
"1565885940","2019-08-15 13:19:00-03","0cf3ee53f800","GTW_04","60","00:01:00"
"1565885580","2019-08-15 13:13:00-03","0cf3ee53f800","GTW_03","360","00:06:00"
"1565885340","2019-08-15 13:09:00-03","0cf3ee53f800","GTW_04","240","00:04:00"
"1565885280","2019-08-15 13:08:00-03","f45eab274ebb","GTW_04","1140","00:19:00"
"1565885100","2019-08-15 13:05:00-03","f45eab274ebb","GTW_03","180","00:03:00"
"1565884860","2019-08-15 13:01:00-03","0cf3ee53f800","GTW_03","480","00:08:00"
"1565884800","2019-08-15 13:00:00-03","0cf3ee53f800","GTW_04","60","00:01:00"
"1565884710","2019-08-15 12:58:30-03","555600000005","GTW_02","5730","01:35:30"
"1565884620","2019-08-15 12:57:00-03","555600000005","-","90","00:01:30"
"1565884590","2019-08-15 12:56:30-03","555600000001","-","10110","02:48:30"
"1565884590","2019-08-15 12:56:30-03","555600000099","-","2490","00:41:30"
"1565884560","2019-08-15 12:56:00-03","555600000001","GTW_05","30","00:00:30"
"1565884560","2019-08-15 12:56:00-03","555600000099","GTW_05","30","00:00:30"
"1565884560","2019-08-15 12:56:00-03","555600000005","GTW_05","60","00:01:00"
"1565884530","2019-08-15 12:55:30-03","555600000005","GTW_04","30","00:00:30"
"1565884440","2019-08-15 12:54:00-03","0cf3ee53f800","GTW_03","360","00:06:00"
"1565884380","2019-08-15 12:53:00-03","f45eab274ebb","GTW_04","720","00:12:00"
"1565884320","2019-08-15 12:52:00-03","0cf3ee53f800","GTW_04","120","00:02:00"
"1565884200","2019-08-15 12:50:00-03","f45eab274ebb","GTW_03","180","00:03:00"
"1565883990","2019-08-15 12:46:30-03","555600000099","GTW_03","570","00:09:30"
"1565883990","2019-08-15 12:46:30-03","0cf3ee5427e4","GTW_03","12750","03:32:30"
"1565883990","2019-08-15 12:46:30-03","0cf3ee53f800","GTW_03","330","00:05:30"
"1565883990","2019-08-15 12:46:30-03","555600000005","GTW_03","540","00:09:00"
"1565883960","2019-08-15 12:46:00-03","555600000099","GTW_05","30","00:00:30"
"1565883930","2019-08-15 12:45:30-03","555600000005","GTW_01","60","00:01:00"
"1565883840","2019-08-15 12:44:00-03","0cf3ee53f800","-","150","00:02:30"
"1565883840","2019-08-15 12:44:00-03","555600000099","-","120","00:02:00"
"1565883840","2019-08-15 12:44:00-03","0cf3ee5427e4","-","150","00:02:30"
"1565883510","2019-08-15 12:38:30-03","555600000001","GTW_03","1050","00:17:30"
"1565883210","2019-08-15 12:33:30-03","555600000009","GTW_02","7230","02:00:30"
"1565883000","2019-08-15 12:30:00-03","001b3510c516","GTW_01","3870","01:04:30"
"1565882940","2019-08-15 12:29:00-03","001b3510c516","-","60","00:01:00"
"1565882790","2019-08-15 12:26:30-03","f45eab274ebb","GTW_04","1410","00:23:30"
"1565882640","2019-08-15 12:24:00-03","f45eab274ebb","GTW_03","150","00:02:30"
"1565882430","2019-08-15 12:20:30-03","f45eab274ebb","GTW_04","210","00:03:30"
"1565882370","2019-08-15 12:19:30-03","f45eab274ebb","GTW_03","60","00:01:00"
"1565882310","2019-08-15 12:18:30-03","f45eab274ebb","GTW_04","60","00:01:00"
"1565882280","2019-08-15 12:18:00-03","555600000099","GTW_02","1560","00:26:00"
"1565882250","2019-08-15 12:17:30-03","f45eab274ebb","GTW_03","60","00:01:00"
"1565881830","2019-08-15 12:10:30-03","f45eab274ebb","GTW_04","420","00:07:00"
"1565881770","2019-08-15 12:09:30-03","f45eab274ebb","GTW_03","60","00:01:00"
"1565881620","2019-08-15 12:07:00-03","f45eab274ebb","GTW_04","150","00:02:30"
"1565881410","2019-08-15 12:03:30-03","f45eab274ebb","GTW_03","210","00:03:30"
"1565881200","2019-08-15 12:00:00-03","f45eab274ebb","GTW_04","210","00:03:30"
"1565881110","2019-08-15 11:58:30-03","f45eab274ebb","GTW_03","90","00:01:30"
"1565880840","2019-08-15 11:54:00-03","f45eab274ebb","GTW_04","270","00:04:30"
"1565880690","2019-08-15 11:51:30-03","f45eab274ebb","GTW_03","150","00:02:30"
"1565880570","2019-08-15 11:49:30-03","555600000009","-","2640","00:44:00"
"1565880180","2019-08-15 11:43:00-03","f45eab274ebb","GTW_04","510","00:08:30"
"1565880060","2019-08-15 11:41:00-03","f45eab274ebb","GTW_03","120","00:02:00"
"1565879670","2019-08-15 11:34:30-03","f45eab274ebb","GTW_04","390","00:06:30"
"1565879580","2019-08-15 11:33:00-03","f45eab274ebb","GTW_03","90","00:01:30"
"1565879460","2019-08-15 11:31:00-03","001b3510c516","GTW_01","3480","00:58:00"
"1565879430","2019-08-15 11:30:30-03","f45eab274ebb","GTW_04","150","00:02:30"
"1565879370","2019-08-15 11:29:30-03","f45eab274ebb","GTW_03","60","00:01:00"
"1565879250","2019-08-15 11:27:30-03","001b3510c516","-","210","00:03:30"
"1565879190","2019-08-15 11:26:30-03","001b3510c516","GTW_01","60","00:01:00"
"1565879040","2019-08-15 11:24:00-03","001b3510c516","-","150","00:02:30"
"1565878920","2019-08-15 11:22:00-03","555600000009","GTW_02","1650","00:27:30"
"1565878890","2019-08-15 11:21:30-03","001b3510c516","GTW_01","150","00:02:30"
"1565878680","2019-08-15 11:18:00-03","001b3510c516","-","210","00:03:30"
"1565878470","2019-08-15 11:14:30-03","001b3510c516","GTW_01","210","00:03:30"
"1565878230","2019-08-15 11:10:30-03","001b3510c516","-","240","00:04:00"
"1565878170","2019-08-15 11:09:30-03","001b3510c516","GTW_01","60","00:01:00"
"1565877960","2019-08-15 11:06:00-03","001b3510c516","-","210","00:03:30"
"1565877900","2019-08-15 11:05:00-03","f45eab274ebb","GTW_04","1470","00:24:30"
"1565877870","2019-08-15 11:04:30-03","001b3510c516","GTW_01","90","00:01:30"
"1565877810","2019-08-15 11:03:30-03","001b3510c516","-","60","00:01:00"
"1565877390","2019-08-15 10:56:30-03","001b3510c516","GTW_01","420","00:07:00"
"1565877390","2019-08-15 10:56:30-03","555600000001","-","6120","01:42:00"
"1565877300","2019-08-15 10:55:00-03","555600000001","GTW_05","90","00:01:30"
"1565877270","2019-08-15 10:54:30-03","001b3510c516","-","120","00:02:00"
"1565877180","2019-08-15 10:53:00-03","555600000001","GTW_03","120","00:02:00"
"1565877150","2019-08-15 10:52:30-03","001b3510c511","GTW_04","19260","05:21:00"
"1565877120","2019-08-15 10:52:00-03","555600000001","-","60","00:01:00"
"1565877060","2019-08-15 10:51:00-03","001b3510c511","GTW_03","90","00:01:30"
"1565876820","2019-08-15 10:47:00-03","001b3510c511","GTW_04","240","00:04:00"
"1565876760","2019-08-15 10:46:00-03","f45eab27517a","GTW_02","13680","03:48:00"
"1565876760","2019-08-15 10:46:00-03","0cf3ee53f800","GTW_02","7080","01:58:00"
"1565876760","2019-08-15 10:46:00-03","c5da7d0d24e2","GTW_02","13680","03:48:00"
"1565876760","2019-08-15 10:46:00-03","fbf2fcdcc20a","GTW_02","13680","03:48:00"
"1565876760","2019-08-15 10:46:00-03","df7f4bfc6037","GTW_02","13680","03:48:00"
"1565876760","2019-08-15 10:46:00-03","e20200195140","GTW_02","13680","03:48:00"
"1565876760","2019-08-15 10:46:00-03","f45eab275a7e","GTW_02","13680","03:48:00"
"1565876760","2019-08-15 10:46:00-03","e2020019de40","GTW_02","13680","03:48:00"
"1565876760","2019-08-15 10:46:00-03","001b3510c512","GTW_02","13680","03:48:00"
"1565876760","2019-08-15 10:46:00-03","f45eab274e9a","GTW_02","13680","03:48:00"
"1565876760","2019-08-15 10:46:00-03","001b3510c4af","GTW_02","13680","03:48:00"
"1565876760","2019-08-15 10:46:00-03","f45eab2755e4","GTW_02","13680","03:48:00"
"1565876760","2019-08-15 10:46:00-03","001b3510c51c","GTW_02","13680","03:48:00"
"1565876760","2019-08-15 10:46:00-03","f45eab2755cc","GTW_02","13680","03:48:00"
"1565876760","2019-08-15 10:46:00-03","001b3510c4c6","GTW_02","13680","03:48:00"
"1565876760","2019-08-15 10:46:00-03","001b3510c4a0","GTW_02","13680","03:48:00"
"1565876760","2019-08-15 10:46:00-03","001b3510c517","GTW_02","13680","03:48:00"
"1565876760","2019-08-15 10:46:00-03","0cf3ee5427e4","GTW_02","7080","01:58:00"
"1565876730","2019-08-15 10:45:30-03","001b3510c4cd","GTW_04","10260","02:51:00"
"1565876700","2019-08-15 10:45:00-03","001b3510c4c6","-","60","00:01:00"
"1565876700","2019-08-15 10:45:00-03","f45eab27517a","-","60","00:01:00"
"1565876700","2019-08-15 10:45:00-03","f45eab2755cc","-","60","00:01:00"
"1565876700","2019-08-15 10:45:00-03","0cf3ee5427e4","-","60","00:01:00"
"1565876700","2019-08-15 10:45:00-03","001b3510c512","-","60","00:01:00"
"1565876700","2019-08-15 10:45:00-03","0cf3ee53f800","-","60","00:01:00"
"1565876700","2019-08-15 10:45:00-03","f45eab2755e4","-","60","00:01:00"
"1565876700","2019-08-15 10:45:00-03","001b3510c4af","-","60","00:01:00"
"1565876700","2019-08-15 10:45:00-03","fbf2fcdcc20a","-","60","00:01:00"
"1565876700","2019-08-15 10:45:00-03","f45eab275a7e","-","60","00:01:00"
"1565876700","2019-08-15 10:45:00-03","e20200195140","-","60","00:01:00"
"1565876700","2019-08-15 10:45:00-03","c5da7d0d24e2","-","60","00:01:00"
"1565876700","2019-08-15 10:45:00-03","df7f4bfc6037","-","60","00:01:00"
"1565876700","2019-08-15 10:45:00-03","001b3510c4a0","-","60","00:01:00"
"1565876700","2019-08-15 10:45:00-03","001b3510c51c","-","60","00:01:00"
"1565876700","2019-08-15 10:45:00-03","f45eab274e9a","-","60","00:01:00"
"1565876700","2019-08-15 10:45:00-03","001b3510c511","GTW_03","120","00:02:00"
"1565876700","2019-08-15 10:45:00-03","e2020019de40","-","60","00:01:00"
"1565876700","2019-08-15 10:45:00-03","001b3510c517","-","60","00:01:00"
"1565876670","2019-08-15 10:44:30-03","f45eab274ebb","GTW_03","1230","00:20:30"
"1565876670","2019-08-15 10:44:30-03","001b3510c4cd","GTW_03","60","00:01:00"
"1565876640","2019-08-15 10:44:00-03","555600000001","GTW_03","480","00:08:00"
"1565876580","2019-08-15 10:43:00-03","555600000001","GTW_04","60","00:01:00"
"1565876430","2019-08-15 10:40:30-03","001b3510c516","GTW_01","840","00:14:00"
"1565876340","2019-08-15 10:39:00-03","f45eab274ebb","GTW_04","330","00:05:30"
"1565876310","2019-08-15 10:38:30-03","001b3510c516","-","120","00:02:00"
"1565876280","2019-08-15 10:38:00-03","f45eab274ebb","GTW_03","60","00:01:00"
"1565876220","2019-08-15 10:37:00-03","f45eab274ebb","GTW_04","60","00:01:00"
"1565876130","2019-08-15 10:35:30-03","f45eab274ebb","GTW_03","90","00:01:30"
"1565876070","2019-08-15 10:34:30-03","001b3510c4cd","GTW_04","600","00:10:00"
"1565876010","2019-08-15 10:33:30-03","f45eab274ebb","GTW_04","120","00:02:00"
"1565875980","2019-08-15 10:33:00-03","001b3510c511","GTW_04","720","00:12:00"
"1565875860","2019-08-15 10:31:00-03","001b3510c4cd","GTW_03","210","00:03:30"
"1565875860","2019-08-15 10:31:00-03","f45eab274ebb","GTW_03","150","00:02:30"
"1565875860","2019-08-15 10:31:00-03","001b3510c511","GTW_03","120","00:02:00"
"1565875800","2019-08-15 10:30:00-03","f45eab274ebb","GTW_04","60","00:01:00"
"1565875560","2019-08-15 10:26:00-03","f45eab274e9a","GTW_02","1140","00:19:00"
"1565875560","2019-08-15 10:26:00-03","001b3510c4a0","GTW_02","1140","00:19:00"
"1565875560","2019-08-15 10:26:00-03","c5da7d0d24e2","GTW_02","1140","00:19:00"
"1565875560","2019-08-15 10:26:00-03","df7f4bfc6037","GTW_02","1140","00:19:00"
"1565875560","2019-08-15 10:26:00-03","fbf2fcdcc20a","GTW_02","1140","00:19:00"
"1565875560","2019-08-15 10:26:00-03","e20200195140","GTW_02","1140","00:19:00"
"1565875560","2019-08-15 10:26:00-03","e2020019de40","GTW_02","1140","00:19:00"
"1565875560","2019-08-15 10:26:00-03","f45eab275a7e","GTW_02","1140","00:19:00"
"1565875560","2019-08-15 10:26:00-03","001b3510c4af","GTW_02","1140","00:19:00"
"1565875560","2019-08-15 10:26:00-03","f45eab2755e4","GTW_02","1140","00:19:00"
"1565875560","2019-08-15 10:26:00-03","0cf3ee5427e4","GTW_02","1140","00:19:00"
"1565875560","2019-08-15 10:26:00-03","001b3510c4c6","GTW_02","1140","00:19:00"
"1565875560","2019-08-15 10:26:00-03","f45eab2755cc","GTW_02","1140","00:19:00"
"1565875560","2019-08-15 10:26:00-03","f45eab27517a","GTW_02","1140","00:19:00"
"1565875560","2019-08-15 10:26:00-03","001b3510c512","GTW_02","1140","00:19:00"
"1565875560","2019-08-15 10:26:00-03","0cf3ee53f800","GTW_02","1140","00:19:00"
"1565875560","2019-08-15 10:26:00-03","001b3510c51c","GTW_02","1140","00:19:00"
"1565875560","2019-08-15 10:26:00-03","001b3510c517","GTW_02","1140","00:19:00"
"1565875530","2019-08-15 10:25:30-03","f45eab274ebb","GTW_03","270","00:04:30"
"1565875500","2019-08-15 10:25:00-03","f45eab2755e4","-","60","00:01:00"
"1565875500","2019-08-15 10:25:00-03","001b3510c4a0","-","60","00:01:00"
"1565875500","2019-08-15 10:25:00-03","c5da7d0d24e2","-","60","00:01:00"
"1565875500","2019-08-15 10:25:00-03","df7f4bfc6037","-","60","00:01:00"
"1565875500","2019-08-15 10:25:00-03","001b3510c4af","-","60","00:01:00"
"1565875500","2019-08-15 10:25:00-03","001b3510c51c","-","60","00:01:00"
"1565875500","2019-08-15 10:25:00-03","f45eab274e9a","-","60","00:01:00"
"1565875500","2019-08-15 10:25:00-03","f45eab275a7e","-","60","00:01:00"
"1565875500","2019-08-15 10:25:00-03","e2020019de40","-","60","00:01:00"
"1565875500","2019-08-15 10:25:00-03","e20200195140","-","60","00:01:00"
"1565875500","2019-08-15 10:25:00-03","fbf2fcdcc20a","-","60","00:01:00"
"1565875500","2019-08-15 10:25:00-03","001b3510c517","-","60","00:01:00"
"1565875500","2019-08-15 10:25:00-03","0cf3ee53f800","-","60","00:01:00"
"1565875500","2019-08-15 10:25:00-03","001b3510c512","-","60","00:01:00"
"1565875500","2019-08-15 10:25:00-03","f45eab27517a","-","60","00:01:00"
"1565875500","2019-08-15 10:25:00-03","f45eab2755cc","-","60","00:01:00"
"1565875500","2019-08-15 10:25:00-03","0cf3ee5427e4","-","60","00:01:00"
"1565875500","2019-08-15 10:25:00-03","001b3510c4c6","-","60","00:01:00"
"1565875470","2019-08-15 10:24:30-03","f45eab274ebb","GTW_04","60","00:01:00"
"1565875080","2019-08-15 10:18:00-03","f45eab274ebb","GTW_03","390","00:06:30"
"1565874960","2019-08-15 10:16:00-03","001b3510c511","GTW_04","900","00:15:00"
"1565874840","2019-08-15 10:14:00-03","f45eab274ebb","GTW_04","240","00:04:00"
"1565874840","2019-08-15 10:14:00-03","001b3510c511","GTW_03","120","00:02:00"
"1565874510","2019-08-15 10:08:30-03","f45eab274ebb","GTW_03","330","00:05:30"
"1565874480","2019-08-15 10:08:00-03","001b3510c511","GTW_04","360","00:06:00"
"1565874390","2019-08-15 10:06:30-03","f45eab274ebb","GTW_04","120","00:02:00"
"1565874090","2019-08-15 10:01:30-03","f45eab274ebb","GTW_03","300","00:05:00"
"1565874030","2019-08-15 10:00:30-03","f45eab274ebb","GTW_04","60","00:01:00"
"1565873970","2019-08-15 09:59:30-03","001b3510c511","GTW_03","510","00:08:30"
"1565873970","2019-08-15 09:59:30-03","001b3510c4cd","GTW_04","1890","00:31:30"
"1565873910","2019-08-15 09:58:30-03","001b3510c4cd","GTW_03","60","00:01:00"
"1565873610","2019-08-15 09:53:30-03","f45eab274ebb","GTW_03","420","00:07:00"
"1565873550","2019-08-15 09:52:30-03","001b3510c511","GTW_04","420","00:07:00"
"1565873550","2019-08-15 09:52:30-03","001b3510c516","GTW_01","2760","00:46:00"
"1565873550","2019-08-15 09:52:30-03","f45eab274ebb","GTW_04","60","00:01:00"
"1565873490","2019-08-15 09:51:30-03","001b3510c511","GTW_03","60","00:01:00"
"1565873490","2019-08-15 09:51:30-03","001b3510c516","-","60","00:01:00"
"1565873460","2019-08-15 09:51:00-03","001b3510c4cd","GTW_04","450","00:07:30"
"1565873400","2019-08-15 09:50:00-03","001b3510c4cd","GTW_03","60","00:01:00"
"1565873130","2019-08-15 09:45:30-03","001b3510c516","GTW_01","360","00:06:00"
"1565873010","2019-08-15 09:43:30-03","001b3510c516","-","120","00:02:00"
"1565872950","2019-08-15 09:42:30-03","f45eab274ebb","GTW_03","600","00:10:00"
"1565872650","2019-08-15 09:37:30-03","f45eab274ebb","GTW_04","300","00:05:00"
"1565872530","2019-08-15 09:35:30-03","001b3510c4cd","GTW_04","870","00:14:30"
"1565872440","2019-08-15 09:34:00-03","001b3510c4cd","GTW_03","90","00:01:30"
"1565872320","2019-08-15 09:32:00-03","001b3510c4cd","GTW_04","120","00:02:00"
"1565872260","2019-08-15 09:31:00-03","001b3510c4cd","GTW_03","60","00:01:00"
"1565871840","2019-08-15 09:24:00-03","f45eab274ebb","GTW_03","810","00:13:30"
"1565871810","2019-08-15 09:23:30-03","001b3510c516","GTW_01","1200","00:20:00"
"1565871750","2019-08-15 09:22:30-03","001b3510c4cd","GTW_04","510","00:08:30"
"1565871750","2019-08-15 09:22:30-03","f45eab274ebb","GTW_04","90","00:01:30"
"1565871720","2019-08-15 09:22:00-03","001b3510c516","-","90","00:01:30"
"1565871690","2019-08-15 09:21:30-03","001b3510c511","GTW_04","1800","00:30:00"
"1565871660","2019-08-15 09:21:00-03","001b3510c4cd","GTW_03","90","00:01:30"
"1565871630","2019-08-15 09:20:30-03","001b3510c511","GTW_03","60","00:01:00"
"1565871600","2019-08-15 09:20:00-03","001b3510c4cd","GTW_04","60","00:01:00"
"1565871570","2019-08-15 09:19:30-03","001b3510c511","GTW_04","60","00:01:00"
"1565871540","2019-08-15 09:19:00-03","001b3510c511","GTW_03","30","00:00:30"
"1565871510","2019-08-15 09:18:30-03","001b3510c511","-","30","00:00:30"
"1565871390","2019-08-15 09:16:30-03","f45eab274ebb","GTW_03","360","00:06:00"
"1565871390","2019-08-15 09:16:30-03","001b3510c4cd","GTW_03","210","00:03:30"
"1565871360","2019-08-15 09:16:00-03","001b3510c516","GTW_01","360","00:06:00"
"1565871330","2019-08-15 09:15:30-03","f45eab274ebb","GTW_04","60","00:01:00"
"1565871270","2019-08-15 09:14:30-03","001b3510c516","-","90","00:01:30"
"1565871240","2019-08-15 09:14:00-03","001b3510c4cd","GTW_04","150","00:02:30"
"1565871150","2019-08-15 09:12:30-03","001b3510c511","GTW_04","360","00:06:00"
"1565871060","2019-08-15 09:11:00-03","001b3510c511","GTW_03","90","00:01:30"
"1565870910","2019-08-15 09:08:30-03","f45eab274ebb","GTW_03","420","00:07:00"
"1565870850","2019-08-15 09:07:30-03","f45eab274ebb","GTW_04","60","00:01:00"
"1565870820","2019-08-15 09:07:00-03","001b3510c4cd","GTW_03","420","00:07:00"
"1565870400","2019-08-15 09:00:00-03","001b3510c4cd","GTW_04","420","00:07:00"
"1565870280","2019-08-15 08:58:00-03","001b3510c4cd","GTW_03","120","00:02:00"
"1565870190","2019-08-15 08:56:30-03","f45eab274ebb","GTW_03","660","00:11:00"
"1565870130","2019-08-15 08:55:30-03","001b3510c4cd","GTW_04","150","00:02:30"
"1565870130","2019-08-15 08:55:30-03","f45eab274ebb","GTW_04","60","00:01:00"
"1565870100","2019-08-15 08:55:00-03","001b3510c511","GTW_04","960","00:16:00"
"1565870040","2019-08-15 08:54:00-03","001b3510c511","GTW_03","60","00:01:00"
"1565869980","2019-08-15 08:53:00-03","001b3510c511","GTW_04","60","00:01:00"
"1565869800","2019-08-15 08:50:00-03","001b3510c4cd","GTW_03","330","00:05:30"
"1565869770","2019-08-15 08:49:30-03","001b3510c511","GTW_03","210","00:03:30"
"1565869680","2019-08-15 08:48:00-03","001b3510c4cd","GTW_04","120","00:02:00"
"1565869620","2019-08-15 08:47:00-03","001b3510c516","GTW_01","1650","00:27:30"
"1565869560","2019-08-15 08:46:00-03","555600000001","GTW_03","7020","01:57:00"
"1565869440","2019-08-15 08:44:00-03","001b3510c4cd","GTW_03","240","00:04:00"
"1565869380","2019-08-15 08:43:00-03","001b3510c4cd","GTW_04","60","00:01:00"
"1565869260","2019-08-15 08:41:00-03","001b3510c4cd","GTW_03","120","00:02:00"
"1565869200","2019-08-15 08:40:00-03","001b3510c4cd","GTW_04","60","00:01:00"
"1565869080","2019-08-15 08:38:00-03","001b3510c4cd","GTW_03","120","00:02:00"
"1565868990","2019-08-15 08:36:30-03","001b3510c4cd","GTW_04","90","00:01:30"
"1565868900","2019-08-15 08:35:00-03","001b3510c4cd","GTW_03","90","00:01:30"
"1565868870","2019-08-15 08:34:30-03","001b3510c516","-","750","00:12:30"
"1565868810","2019-08-15 08:33:30-03","001b3510c516","GTW_01","60","00:01:00"
"1565868750","2019-08-15 08:32:30-03","001b3510c516","-","60","00:01:00"
"1565868690","2019-08-15 08:31:30-03","001b3510c4cd","GTW_04","210","00:03:30"
"1565868690","2019-08-15 08:31:30-03","f45eab274ebb","GTW_03","1440","00:24:00"
"1565868570","2019-08-15 08:29:30-03","001b3510c4cd","GTW_03","120","00:02:00"
"1565868510","2019-08-15 08:28:30-03","f45eab274ebb","GTW_04","180","00:03:00"
"1565868420","2019-08-15 08:27:00-03","f45eab274ebb","GTW_03","90","00:01:30"
"1565868330","2019-08-15 08:25:30-03","f45eab274ebb","GTW_04","90","00:01:30"
"1565868180","2019-08-15 08:23:00-03","001b3510c4cd","GTW_04","390","00:06:30"
"1565868060","2019-08-15 08:21:00-03","f45eab274ebb","GTW_03","270","00:04:30"
"1565867970","2019-08-15 08:19:30-03","001b3510c4cd","GTW_03","210","00:03:30"
"1565867880","2019-08-15 08:18:00-03","001b3510c4cd","GTW_04","90","00:01:30"
"1565867820","2019-08-15 08:17:00-03","001b3510c4cd","GTW_03","60","00:01:00"
"1565867730","2019-08-15 08:15:30-03","f45eab274ebb","GTW_04","330","00:05:30"
"1565867700","2019-08-15 08:15:00-03","001b3510c4cd","GTW_04","120","00:02:00"
"1565867670","2019-08-15 08:14:30-03","f45eab274ebb","GTW_03","60","00:01:00"
"1565867580","2019-08-15 08:13:00-03","001b3510c4cd","GTW_03","120","00:02:00"
"1565867490","2019-08-15 08:11:30-03","f45eab274ebb","GTW_04","180","00:03:00"
"1565867280","2019-08-15 08:08:00-03","f45eab274ebb","GTW_03","210","00:03:30"
"1565867220","2019-08-15 08:07:00-03","f45eab274ebb","GTW_04","60","00:01:00"
"1565866620","2019-08-15 07:57:00-03","f45eab274ebb","GTW_03","600","00:10:00"
"1565866500","2019-08-15 07:55:00-03","001b3510c4cd","GTW_04","1080","00:18:00"
"1565866440","2019-08-15 07:54:00-03","001b3510c4cd","GTW_03","60","00:01:00"
"1565866380","2019-08-15 07:53:00-03","001b3510c4cd","GTW_04","60","00:01:00"
"1565866230","2019-08-15 07:50:30-03","f45eab274ebb","GTW_04","390","00:06:30"
"1565866230","2019-08-15 07:50:30-03","001b3510c4cd","GTW_03","150","00:02:30"
"1565866080","2019-08-15 07:48:00-03","001b3510c4cd","GTW_04","150","00:02:30"
"1565865870","2019-08-15 07:44:30-03","f45eab274ebb","GTW_03","360","00:06:00"
"1565865780","2019-08-15 07:43:00-03","f45eab274ebb","GTW_04","90","00:01:30"
"1565865690","2019-08-15 07:41:30-03","f45eab274ebb","GTW_03","90","00:01:30"
"1565865360","2019-08-15 07:36:00-03","f45eab274ebb","GTW_04","330","00:05:30"
"1565865300","2019-08-15 07:35:00-03","f45eab274ebb","GTW_03","60","00:01:00"
"1565865060","2019-08-15 07:31:00-03","f45eab274ebb","GTW_04","240","00:04:00"
"1565864730","2019-08-15 07:25:30-03","f45eab274ebb","GTW_03","330","00:05:30"
"1565864520","2019-08-15 07:22:00-03","f45eab274ebb","GTW_04","210","00:03:30"
"1565864430","2019-08-15 07:20:30-03","f45eab274ebb","GTW_03","90","00:01:30"
"1565864190","2019-08-15 07:16:30-03","001b3510c516","GTW_01","4560","01:16:00"
"1565864040","2019-08-15 07:14:00-03","001b3510c516","-","150","00:02:30"
"1565863920","2019-08-15 07:12:00-03","001b3510c516","GTW_01","120","00:02:00"
"1565863860","2019-08-15 07:11:00-03","f45eab274ebb","GTW_04","570","00:09:30"
"1565863770","2019-08-15 07:09:30-03","f45eab274ebb","GTW_03","90","00:01:30"
"1565863560","2019-08-15 07:06:00-03","f45eab274ebb","GTW_04","210","00:03:30"
"1565863410","2019-08-15 07:03:30-03","001b3510c516","-","510","00:08:30"
"1565863410","2019-08-15 07:03:30-03","f45eab274ebb","GTW_03","150","00:02:30"
"1565863350","2019-08-15 07:02:30-03","f45eab274ebb","GTW_04","60","00:01:00"
"1565863290","2019-08-15 07:01:30-03","f45eab274ebb","GTW_03","60","00:01:00"
"1565863230","2019-08-15 07:00:30-03","001b3510c516","GTW_01","180","00:03:00"
"1565862990","2019-08-15 06:56:30-03","f45eab274ebb","GTW_04","300","00:05:00"
"1565862930","2019-08-15 06:55:30-03","f45eab274ebb","GTW_03","60","00:01:00"
"1565862810","2019-08-15 06:53:30-03","f45eab274ebb","GTW_04","120","00:02:00"
"1565862750","2019-08-15 06:52:30-03","f45eab274ebb","GTW_03","60","00:01:00"
"1565862660","2019-08-15 06:51:00-03","001b3510c516","-","570","00:09:30"
"1565862630","2019-08-15 06:50:30-03","f45eab274ebb","GTW_04","120","00:02:00"
"1565862570","2019-08-15 06:49:30-03","001b3510c516","GTW_01","90","00:01:30"
"1565862510","2019-08-15 06:48:30-03","001b3510c516","-","60","00:01:00"
"1565862450","2019-08-15 06:47:30-03","f45eab274ebb","GTW_03","180","00:03:00"
"1565862450","2019-08-15 06:47:30-03","001b3510c516","GTW_01","60","00:01:00"
"1565862390","2019-08-15 06:46:30-03","001b3510c516","-","60","00:01:00"
"1565862270","2019-08-15 06:44:30-03","f45eab274ebb","GTW_04","180","00:03:00"
"1565862090","2019-08-15 06:41:30-03","f45eab274ebb","GTW_03","180","00:03:00"
"1565861640","2019-08-15 06:34:00-03","f45eab274ebb","GTW_04","450","00:07:30"
"1565861340","2019-08-15 06:29:00-03","001b3510c511","GTW_04","8430","02:20:30"
"1565861250","2019-08-15 06:27:30-03","001b3510c511","GTW_03","90","00:01:30"
"1565861100","2019-08-15 06:25:00-03","f45eab274ebb","GTW_03","540","00:09:00"
"1565861040","2019-08-15 06:24:00-03","f45eab274ebb","GTW_04","60","00:01:00"
"1565860860","2019-08-15 06:21:00-03","f45eab274ebb","GTW_03","180","00:03:00"
"1565860860","2019-08-15 06:21:00-03","001b3510c516","GTW_01","1530","00:25:30"
"1565860800","2019-08-15 06:20:00-03","001b3510c516","-","60","00:01:00"
"1565860740","2019-08-15 06:19:00-03","001b3510c516","GTW_01","60","00:01:00"
"1565860740","2019-08-15 06:19:00-03","f45eab274ebb","GTW_04","120","00:02:00"
"1565860680","2019-08-15 06:18:00-03","f45eab274ebb","GTW_03","60","00:01:00"
"1565860620","2019-08-15 06:17:00-03","001b3510c516","-","120","00:02:00"
"1565860500","2019-08-15 06:15:00-03","001b3510c516","GTW_01","120","00:02:00"
"1565860410","2019-08-15 06:13:30-03","001b3510c516","-","90","00:01:30"
"1565860260","2019-08-15 06:11:00-03","f45eab274ebb","GTW_04","420","00:07:00"
"1565860200","2019-08-15 06:10:00-03","f45eab274ebb","GTW_03","60","00:01:00"
"1565860200","2019-08-15 06:10:00-03","001b3510c516","GTW_01","210","00:03:30"
"1565860140","2019-08-15 06:09:00-03","001b3510c516","-","60","00:01:00"
"1565860080","2019-08-15 06:08:00-03","f45eab274ebb","GTW_04","120","00:02:00"
"1565859930","2019-08-15 06:05:30-03","f45eab274ebb","GTW_03","150","00:02:30"
"1565859750","2019-08-15 06:02:30-03","f45eab274ebb","GTW_04","180","00:03:00"
"1565859720","2019-08-15 06:02:00-03","001b3510c516","GTW_01","420","00:07:00"
"1565859690","2019-08-15 06:01:30-03","f45eab274ebb","GTW_03","60","00:01:00"
"1565859630","2019-08-15 06:00:30-03","001b3510c516","-","90","00:01:30"
"1565859630","2019-08-15 06:00:30-03","f45eab274ebb","GTW_04","60","00:01:00"
"1565859570","2019-08-15 05:59:30-03","001b3510c516","GTW_01","60","00:01:00"
"1565859450","2019-08-15 05:57:30-03","001b3510c516","-","120","00:02:00"
"1565859330","2019-08-15 05:55:30-03","f45eab274ebb","GTW_03","300","00:05:00"
"1565859210","2019-08-15 05:53:30-03","001b3510c516","GTW_01","240","00:04:00"
"1565859000","2019-08-15 05:50:00-03","f45eab274ebb","GTW_04","330","00:05:30"
"1565858940","2019-08-15 05:49:00-03","f45eab274ebb","GTW_03","60","00:01:00"
"1565858940","2019-08-15 05:49:00-03","001b3510c516","-","270","00:04:30"
"1565858880","2019-08-15 05:48:00-03","f45eab274ebb","GTW_04","60","00:01:00"
"1565858850","2019-08-15 05:47:30-03","001b3510c516","GTW_01","90","00:01:30"
"1565858790","2019-08-15 05:46:30-03","f45eab274ebb","GTW_03","90","00:01:30"
"1565858790","2019-08-15 05:46:30-03","001b3510c516","-","60","00:01:00"
"1565858640","2019-08-15 05:44:00-03","f45eab274ebb","GTW_04","150","00:02:30"
"1565858550","2019-08-15 05:42:30-03","f45eab274ebb","GTW_03","90","00:01:30"
"1565858490","2019-08-15 05:41:30-03","001b3510c516","GTW_01","300","00:05:00"
"1565858400","2019-08-15 05:40:00-03","001b3510c516","-","90","00:01:30"
"1565858250","2019-08-15 05:37:30-03","001b3510c516","GTW_01","150","00:02:30"
"1565858190","2019-08-15 05:36:30-03","001b3510c516","-","60","00:01:00"
"1565858010","2019-08-15 05:33:30-03","f45eab274ebb","GTW_04","540","00:09:00"
"1565857890","2019-08-15 05:31:30-03","f45eab274ebb","GTW_03","120","00:02:00"
"1565857770","2019-08-15 05:29:30-03","f45eab274ebb","GTW_04","120","00:02:00"
"1565857710","2019-08-15 05:28:30-03","001b3510c511","GTW_04","3540","00:59:00"
"1565857650","2019-08-15 05:27:30-03","001b3510c511","GTW_03","60","00:01:00"
"1565857650","2019-08-15 05:27:30-03","f45eab274ebb","GTW_03","120","00:02:00"
"1565857590","2019-08-15 05:26:30-03","f45eab274ebb","GTW_04","60","00:01:00"
"1565857530","2019-08-15 05:25:30-03","001b3510c516","GTW_01","660","00:11:00"
"1565857290","2019-08-15 05:21:30-03","001b3510c516","-","240","00:04:00"
"1565857230","2019-08-15 05:20:30-03","f45eab274ebb","GTW_03","360","00:06:00"
"1565857230","2019-08-15 05:20:30-03","001b3510c516","GTW_01","60","00:01:00"
"1565857170","2019-08-15 05:19:30-03","001b3510c516","-","60","00:01:00"
"1565857080","2019-08-15 05:18:00-03","f45eab274ebb","GTW_04","150","00:02:30"
"1565857050","2019-08-15 05:17:30-03","001b3510c516","GTW_01","120","00:02:00"
"1565857020","2019-08-15 05:17:00-03","f45eab274ebb","GTW_03","60","00:01:00"
"1565856990","2019-08-15 05:16:30-03","001b3510c516","-","60","00:01:00"
"1565856870","2019-08-15 05:14:30-03","f45eab274ebb","GTW_04","150","00:02:30"
"1565856870","2019-08-15 05:14:30-03","001b3510c516","GTW_01","120","00:02:00"
"1565856810","2019-08-15 05:13:30-03","001b3510c516","-","60","00:01:00"
"1565856750","2019-08-15 05:12:30-03","f45eab274ebb","GTW_03","120","00:02:00"
"1565856630","2019-08-15 05:10:30-03","f45eab274ebb","GTW_04","120","00:02:00"
"1565856480","2019-08-15 05:08:00-03","f45eab274ebb","GTW_03","150","00:02:30"
"1565856300","2019-08-15 05:05:00-03","001b3510c516","GTW_01","510","00:08:30"
"1565856240","2019-08-15 05:04:00-03","001b3510c516","-","60","00:01:00"
"1565856210","2019-08-15 05:03:30-03","f45eab274ebb","GTW_04","270","00:04:30"
"1565855940","2019-08-15 04:59:00-03","f45eab274ebb","GTW_03","270","00:04:30"
"1565855880","2019-08-15 04:58:00-03","f45eab274ebb","GTW_04","60","00:01:00"
"1565855730","2019-08-15 04:55:30-03","f45eab274ebb","GTW_03","150","00:02:30"
"1565855340","2019-08-15 04:49:00-03","f45eab274ebb","GTW_04","390","00:06:30"
"1565855070","2019-08-15 04:44:30-03","f45eab274ebb","GTW_03","270","00:04:30"
"1565855010","2019-08-15 04:43:30-03","f45eab274ebb","GTW_04","60","00:01:00"
"1565854470","2019-08-15 04:34:30-03","f45eab274ebb","GTW_03","540","00:09:00"
"1565854230","2019-08-15 04:30:30-03","f45eab274ebb","GTW_04","240","00:04:00"
"1565854170","2019-08-15 04:29:30-03","f45eab274ebb","GTW_03","60","00:01:00"
"1565854110","2019-08-15 04:28:30-03","f45eab274ebb","GTW_04","60","00:01:00"
"1565853990","2019-08-15 04:26:30-03","f45eab274ebb","GTW_03","120","00:02:00"
"1565853630","2019-08-15 04:20:30-03","001b3510c516","GTW_01","2610","00:43:30"
"1565853600","2019-08-15 04:20:00-03","f45eab274ebb","GTW_04","390","00:06:30"
"1565853570","2019-08-15 04:19:30-03","001b3510c516","-","60","00:01:00"
"1565853390","2019-08-15 04:16:30-03","001b3510c516","GTW_01","180","00:03:00"
"1565853330","2019-08-15 04:15:30-03","001b3510c516","-","60","00:01:00"
"1565853270","2019-08-15 04:14:30-03","f45eab274ebb","GTW_03","330","00:05:30"
"1565853060","2019-08-15 04:11:00-03","f45eab274ebb","GTW_04","210","00:03:30"
"1565852970","2019-08-15 04:09:30-03","f45eab274ebb","GTW_03","90","00:01:30"
"1565852910","2019-08-15 04:08:30-03","f45eab274ebb","GTW_04","60","00:01:00"
"1565852910","2019-08-15 04:08:30-03","001b3510c516","GTW_01","420","00:07:00"
"1565852850","2019-08-15 04:07:30-03","001b3510c516","-","60","00:01:00"
"1565852790","2019-08-15 04:06:30-03","f45eab274ebb","GTW_03","120","00:02:00"
"1565852730","2019-08-15 04:05:30-03","f45eab274ebb","GTW_04","60","00:01:00"
"1565852550","2019-08-15 04:02:30-03","001b3510c516","GTW_01","300","00:05:00"
"1565852490","2019-08-15 04:01:30-03","001b3510c516","-","60","00:01:00"
"1565852490","2019-08-15 04:01:30-03","f45eab274ebb","GTW_03","240","00:04:00"
"1565852430","2019-08-15 04:00:30-03","001b3510c516","GTW_01","60","00:01:00"
"1565852250","2019-08-15 03:57:30-03","001b3510c516","-","180","00:03:00"
"1565851980","2019-08-15 03:53:00-03","f45eab274ebb","GTW_04","510","00:08:30"
"1565851860","2019-08-15 03:51:00-03","f45eab274ebb","GTW_03","120","00:02:00"
"1565851800","2019-08-15 03:50:00-03","f45eab274ebb","GTW_04","60","00:01:00"
"1565851560","2019-08-15 03:46:00-03","f45eab274ebb","GTW_03","240","00:04:00"
"1565851500","2019-08-15 03:45:00-03","f45eab274ebb","GTW_04","60","00:01:00"
"1565851380","2019-08-15 03:43:00-03","001b3510c516","GTW_01","870","00:14:30"
"1565851230","2019-08-15 03:40:30-03","f45eab274ebb","GTW_03","270","00:04:30"
"1565851050","2019-08-15 03:37:30-03","f45eab274ebb","GTW_04","180","00:03:00"
"1565851020","2019-08-15 03:37:00-03","001b3510c516","-","360","00:06:00"
"1565850930","2019-08-15 03:35:30-03","f45eab274ebb","GTW_03","120","00:02:00"
"1565850870","2019-08-15 03:34:30-03","f45eab274ebb","GTW_04","60","00:01:00"
"1565850750","2019-08-15 03:32:30-03","f45eab274ebb","GTW_03","120","00:02:00"
"1565850480","2019-08-15 03:28:00-03","001b3510c516","GTW_01","540","00:09:00"
"1565850420","2019-08-15 03:27:00-03","001b3510c516","-","60","00:01:00"
"1565850330","2019-08-15 03:25:30-03","001b3510c516","GTW_01","90","00:01:30"
"1565850240","2019-08-15 03:24:00-03","001b3510c516","-","90","00:01:30"
"1565850240","2019-08-15 03:24:00-03","f45eab274ebb","GTW_04","510","00:08:30"
"1565850180","2019-08-15 03:23:00-03","f45eab274ebb","GTW_03","60","00:01:00"
"1565850120","2019-08-15 03:22:00-03","001b3510c516","GTW_01","120","00:02:00"
"1565850120","2019-08-15 03:22:00-03","f45eab274ebb","GTW_04","60","00:01:00"
"1565850000","2019-08-15 03:20:00-03","001b3510c516","-","120","00:02:00"
"1565849910","2019-08-15 03:18:30-03","001b3510c516","GTW_01","90","00:01:30"
"1565849700","2019-08-15 03:15:00-03","f45eab274ebb","GTW_03","420","00:07:00"
"1565849670","2019-08-15 03:14:30-03","001b3510c516","-","240","00:04:00"
"1565849250","2019-08-15 03:07:30-03","f45eab274ebb","GTW_04","450","00:07:30"
"1565849130","2019-08-15 03:05:30-03","f45eab274ebb","GTW_03","120","00:02:00"
"1565849070","2019-08-15 03:04:30-03","f45eab274ebb","GTW_04","60","00:01:00"
"1565849010","2019-08-15 03:03:30-03","f45eab274ebb","GTW_03","60","00:01:00"
"1565848950","2019-08-15 03:02:30-03","f45eab274ebb","GTW_04","60","00:01:00"
"1565848800","2019-08-15 03:00:00-03","f45eab274ebb","GTW_03","150","00:02:30"
"1565848740","2019-08-15 02:59:00-03","f45eab274ebb","GTW_04","60","00:01:00"
"1565848560","2019-08-15 02:56:00-03","f45eab274ebb","GTW_03","180","00:03:00"
"1565848470","2019-08-15 02:54:30-03","f45eab274ebb","GTW_04","90","00:01:30"
"1565848410","2019-08-15 02:53:30-03","f45eab274ebb","GTW_03","60","00:01:00"
"1565848350","2019-08-15 02:52:30-03","f45eab274ebb","GTW_04","60","00:01:00"
"1565848290","2019-08-15 02:51:30-03","f45eab274ebb","GTW_03","60","00:01:00"
"1565847810","2019-08-15 02:43:30-03","f45eab274ebb","GTW_04","480","00:08:00"
"1565847750","2019-08-15 02:42:30-03","f45eab274ebb","GTW_03","60","00:01:00"
"1565847510","2019-08-15 02:38:30-03","f45eab274ebb","GTW_04","240","00:04:00"
"1565847390","2019-08-15 02:36:30-03","001b3510c516","GTW_01","2280","00:38:00"
"1565847360","2019-08-15 02:36:00-03","f45eab274ebb","GTW_03","150","00:02:30"
"1565847330","2019-08-15 02:35:30-03","001b3510c516","-","60","00:01:00"
"1565846790","2019-08-15 02:26:30-03","001b3510c516","GTW_01","540","00:09:00"
"1565846670","2019-08-15 02:24:30-03","001b3510c516","-","120","00:02:00"
"1565846580","2019-08-15 02:23:00-03","f45eab274ebb","GTW_04","780","00:13:00"
"1565846520","2019-08-15 02:22:00-03","f45eab274ebb","GTW_03","60","00:01:00"
"1565846190","2019-08-15 02:16:30-03","f45eab274ebb","GTW_04","330","00:05:30"
"1565846130","2019-08-15 02:15:30-03","f45eab274ebb","GTW_03","60","00:01:00"
"1565845920","2019-08-15 02:12:00-03","f45eab274ebb","GTW_04","210","00:03:30"
"1565845830","2019-08-15 02:10:30-03","001b3510c516","GTW_01","840","00:14:00"
"1565845770","2019-08-15 02:09:30-03","f45eab274ebb","GTW_03","150","00:02:30"
"1565845710","2019-08-15 02:08:30-03","001b3510c516","-","120","00:02:00"
"1565845470","2019-08-15 02:04:30-03","001b3510c516","GTW_01","240","00:04:00"
"1565845410","2019-08-15 02:03:30-03","f45eab274ebb","GTW_04","360","00:06:00"
"1565845350","2019-08-15 02:02:30-03","001b3510c516","-","120","00:02:00"
"1565845170","2019-08-15 01:59:30-03","f45eab274ebb","GTW_03","240","00:04:00"
"1565845050","2019-08-15 01:57:30-03","f45eab274ebb","GTW_04","120","00:02:00"
"1565844990","2019-08-15 01:56:30-03","f45eab274ebb","GTW_03","60","00:01:00"
"1565844930","2019-08-15 01:55:30-03","f45eab274ebb","GTW_04","60","00:01:00"
"1565844810","2019-08-15 01:53:30-03","001b3510c516","GTW_01","540","00:09:00"
"1565844720","2019-08-15 01:52:00-03","f45eab274ebb","GTW_03","210","00:03:30"
"1565844690","2019-08-15 01:51:30-03","001b3510c516","-","120","00:02:00"
"1565844360","2019-08-15 01:46:00-03","001b3510c516","GTW_01","330","00:05:30"
"1565844210","2019-08-15 01:43:30-03","001b3510c516","-","150","00:02:30"
"1565844150","2019-08-15 01:42:30-03","f45eab274ebb","GTW_04","570","00:09:30"
"1565844090","2019-08-15 01:41:30-03","f45eab274ebb","GTW_03","60","00:01:00"
"1565844090","2019-08-15 01:41:30-03","001b3510c516","GTW_01","120","00:02:00"
"1565844030","2019-08-15 01:40:30-03","f45eab274ebb","GTW_04","60","00:01:00"
"1565844000","2019-08-15 01:40:00-03","001b3510c516","-","90","00:01:30"
"1565843970","2019-08-15 01:39:30-03","001b3510c511","GTW_04","13680","03:48:00"
"1565843940","2019-08-15 01:39:00-03","f45eab274ebb","GTW_03","90","00:01:30"
"1565843910","2019-08-15 01:38:30-03","001b3510c511","GTW_03","60","00:01:00"
"1565843880","2019-08-15 01:38:00-03","001b3510c516","GTW_01","120","00:02:00"
"1565843820","2019-08-15 01:37:00-03","001b3510c516","-","60","00:01:00"
"1565843460","2019-08-15 01:31:00-03","001b3510c516","GTW_01","360","00:06:00"
"1565843400","2019-08-15 01:30:00-03","001b3510c516","-","60","00:01:00"
"1565843340","2019-08-15 01:29:00-03","f45eab274ebb","GTW_04","600","00:10:00"
"1565843040","2019-08-15 01:24:00-03","f45eab274ebb","GTW_03","300","00:05:00"
"1565842860","2019-08-15 01:21:00-03","f45eab274ebb","GTW_04","180","00:03:00"
"1565842770","2019-08-15 01:19:30-03","f45eab274ebb","GTW_03","90","00:01:30"
"1565842590","2019-08-15 01:16:30-03","001b3510c516","GTW_01","810","00:13:30"
"1565842500","2019-08-15 01:15:00-03","001b3510c516","-","90","00:01:30"
"1565842410","2019-08-15 01:13:30-03","001b3510c516","GTW_01","90","00:01:30"
"1565842290","2019-08-15 01:11:30-03","001b3510c516","-","120","00:02:00"
"1565842140","2019-08-15 01:09:00-03","001b3510c516","GTW_01","150","00:02:30"
"1565842020","2019-08-15 01:07:00-03","f45eab274ebb","GTW_04","750","00:12:30"
"1565841990","2019-08-15 01:06:30-03","001b3510c516","-","150","00:02:30"
"1565841840","2019-08-15 01:04:00-03","f45eab274ebb","GTW_03","180","00:03:00"
"1565841780","2019-08-15 01:03:00-03","f45eab274ebb","GTW_04","60","00:01:00"
"1565841690","2019-08-15 01:01:30-03","f45eab274ebb","GTW_03","90","00:01:30"
"1565841510","2019-08-15 00:58:30-03","001b3510c516","GTW_01","480","00:08:00"
"1565841390","2019-08-15 00:56:30-03","f45eab274ebb","GTW_04","300","00:05:00"
"1565841360","2019-08-15 00:56:00-03","001b3510c516","-","150","00:02:30"
"1565841180","2019-08-15 00:53:00-03","f45eab274ebb","GTW_03","210","00:03:30"
"1565841090","2019-08-15 00:51:30-03","001b3510c516","GTW_01","270","00:04:30"
"1565841060","2019-08-15 00:51:00-03","f45eab274ebb","GTW_04","120","00:02:00"
"1565841030","2019-08-15 00:50:30-03","001b3510c516","-","60","00:01:00"
"1565840940","2019-08-15 00:49:00-03","f45eab274ebb","GTW_03","120","00:02:00"
"1565840760","2019-08-15 00:46:00-03","f45eab274ebb","GTW_04","180","00:03:00"
"1565840670","2019-08-15 00:44:30-03","001b3510c516","GTW_01","360","00:06:00"
"1565840550","2019-08-15 00:42:30-03","001b3510c516","-","120","00:02:00"
"1565840190","2019-08-15 00:36:30-03","f45eab274ebb","GTW_03","570","00:09:30"
"1565840130","2019-08-15 00:35:30-03","f45eab274ebb","GTW_04","60","00:01:00"
"1565839920","2019-08-15 00:32:00-03","f45eab274ebb","GTW_03","210","00:03:30"
"1565839500","2019-08-15 00:25:00-03","f45eab274ebb","GTW_04","420","00:07:00"
"1565839410","2019-08-15 00:23:30-03","001b3510c516","GTW_01","1140","00:19:00"
"1565839350","2019-08-15 00:22:30-03","001b3510c516","-","60","00:01:00"
"1565839320","2019-08-15 00:22:00-03","f45eab274ebb","GTW_03","180","00:03:00"
"1565839260","2019-08-15 00:21:00-03","f45eab274ebb","GTW_04","60","00:01:00"
"1565839200","2019-08-15 00:20:00-03","f45eab274ebb","GTW_03","60","00:01:00"
"1565839080","2019-08-15 00:18:00-03","f45eab274ebb","GTW_04","120","00:02:00"
"1565839020","2019-08-15 00:17:00-03","f45eab274ebb","GTW_03","60","00:01:00"
"1565838960","2019-08-15 00:16:00-03","f45eab274ebb","GTW_04","60","00:01:00"
"1565838840","2019-08-15 00:14:00-03","f45eab274ebb","GTW_03","120","00:02:00"
"1565838720","2019-08-15 00:12:00-03","f45eab274ebb","GTW_04","120","00:02:00"
"1565838600","2019-08-15 00:10:00-03","001b3510c516","GTW_01","750","00:12:30"
"1565838570","2019-08-15 00:09:30-03","f45eab274ebb","GTW_03","150","00:02:30"
"1565838540","2019-08-15 00:09:00-03","001b3510c516","-","60","00:01:00"
"1565838330","2019-08-15 00:05:30-03","001b3510c516","GTW_01","210","00:03:30"
"1565838240","2019-08-15 00:04:00-03","001b3510c516","-","90","00:01:30"
"1565838150","2019-08-15 00:02:30-03","0cf3ee53f800","GTW_02","37350","10:22:30"
"1565838150","2019-08-15 00:02:30-03","001b3510c4a0","GTW_02","37350","10:22:30"
"1565838150","2019-08-15 00:02:30-03","c5da7d0d24e2","GTW_02","37350","10:22:30"
"1565838150","2019-08-15 00:02:30-03","df7f4bfc6037","GTW_02","37350","10:22:30"
"1565838150","2019-08-15 00:02:30-03","e20200195140","GTW_02","37350","10:22:30"
"1565838150","2019-08-15 00:02:30-03","fbf2fcdcc20a","GTW_02","37350","10:22:30"
"1565838150","2019-08-15 00:02:30-03","e2020019de40","GTW_02","37350","10:22:30"
"1565838150","2019-08-15 00:02:30-03","f45eab274e9a","GTW_02","37350","10:22:30"
"1565838150","2019-08-15 00:02:30-03","001b3510c4af","GTW_02","37350","10:22:30"
"1565838150","2019-08-15 00:02:30-03","f45eab275a7e","GTW_02","37350","10:22:30"
"1565838150","2019-08-15 00:02:30-03","0cf3ee5427e4","GTW_02","37350","10:22:30"
"1565838150","2019-08-15 00:02:30-03","f45eab2755e4","GTW_02","37350","10:22:30"
"1565838150","2019-08-15 00:02:30-03","001b3510c4c6","GTW_02","37350","10:22:30"
"1565838150","2019-08-15 00:02:30-03","f45eab2755cc","GTW_02","37350","10:22:30"
"1565838150","2019-08-15 00:02:30-03","001b3510c517","GTW_02","37350","10:22:30"
"1565838150","2019-08-15 00:02:30-03","001b3510c51c","GTW_02","37350","10:22:30"
"1565838150","2019-08-15 00:02:30-03","f45eab27517a","GTW_02","37350","10:22:30"
"1565838150","2019-08-15 00:02:30-03","001b3510c512","GTW_02","37350","10:22:30"
"1565838120","2019-08-15 00:02:00-03","001b3510c516","GTW_01","120","00:02:00"
"1565838090","2019-08-15 00:01:30-03","f45eab2755cc","-","60","00:01:00"
"1565838090","2019-08-15 00:01:30-03","c5da7d0d24e2","-","60","00:01:00"
"1565838060","2019-08-15 00:01:00-03","001b3510c4c6","-","90","00:01:30"
"1565838060","2019-08-15 00:01:00-03","0cf3ee53f800","-","90","00:01:30"
"1565838060","2019-08-15 00:01:00-03","df7f4bfc6037","-","90","00:01:30"
"1565838060","2019-08-15 00:01:00-03","0cf3ee5427e4","-","90","00:01:30"
"1565838060","2019-08-15 00:01:00-03","f45eab2755e4","-","90","00:01:30"
"1565838060","2019-08-15 00:01:00-03","f45eab275a7e","-","90","00:01:30"
"1565838060","2019-08-15 00:01:00-03","001b3510c4af","-","90","00:01:30"
"1565838060","2019-08-15 00:01:00-03","f45eab274e9a","-","90","00:01:30"
"1565838060","2019-08-15 00:01:00-03","e2020019de40","-","90","00:01:30"
"1565838060","2019-08-15 00:01:00-03","fbf2fcdcc20a","-","90","00:01:30"
"1565838060","2019-08-15 00:01:00-03","e20200195140","-","90","00:01:30"
"1565838060","2019-08-15 00:01:00-03","001b3510c4a0","-","90","00:01:30"
"1565838060","2019-08-15 00:01:00-03","001b3510c512","-","90","00:01:30"
"1565838060","2019-08-15 00:01:00-03","001b3510c51c","-","90","00:01:30"
"1565838060","2019-08-15 00:01:00-03","f45eab27517a","-","90","00:01:30"
"1565838060","2019-08-15 00:01:00-03","001b3510c517","-","90","00:01:30"
"1565838000","2019-08-15 00:00:00-03","001b3510c516","-","120","00:02:00"
"1565837850","2019-08-14 23:57:30-03","f45eab274ebb","GTW_04","720","00:12:00"
"1565837790","2019-08-14 23:56:30-03","f45eab274ebb","GTW_03","60","00:01:00"
"1565837730","2019-08-14 23:55:30-03","f45eab274ebb","GTW_04","60","00:01:00"
"1565837460","2019-08-14 23:51:00-03","f45eab274ebb","GTW_03","270","00:04:30"
"1565837370","2019-08-14 23:49:30-03","f45eab274ebb","GTW_04","90","00:01:30"
"1565837220","2019-08-14 23:47:00-03","001b3510c516","GTW_01","780","00:13:00"
"1565837160","2019-08-14 23:46:00-03","f45eab274ebb","GTW_03","210","00:03:30"
"1565837130","2019-08-14 23:45:30-03","001b3510c516","-","90","00:01:30"
"1565836740","2019-08-14 23:39:00-03","001b3510c516","GTW_01","390","00:06:30"
"1565836620","2019-08-14 23:37:00-03","f45eab274ebb","GTW_04","540","00:09:00"
"1565836620","2019-08-14 23:37:00-03","001b3510c516","-","120","00:02:00"
"1565836530","2019-08-14 23:35:30-03","f45eab274ebb","GTW_03","90","00:01:30"
"1565836380","2019-08-14 23:33:00-03","f45eab274ebb","GTW_04","150","00:02:30"
"1565836320","2019-08-14 23:32:00-03","f45eab274ebb","GTW_03","60","00:01:00"
"1565836260","2019-08-14 23:31:00-03","f45eab274ebb","GTW_04","60","00:01:00"
"1565836200","2019-08-14 23:30:00-03","f45eab274ebb","GTW_03","60","00:01:00"
"1565836050","2019-08-14 23:27:30-03","f45eab274ebb","GTW_04","150","00:02:30"
"1565835690","2019-08-14 23:21:30-03","f45eab274ebb","GTW_03","360","00:06:00"
"1565835510","2019-08-14 23:18:30-03","f45eab274ebb","GTW_04","180","00:03:00"
"1565835360","2019-08-14 23:16:00-03","f45eab274ebb","GTW_03","150","00:02:30"
"1565834880","2019-08-14 23:08:00-03","f45eab274ebb","GTW_04","480","00:08:00"
"1565834820","2019-08-14 23:07:00-03","f45eab274ebb","GTW_03","60","00:01:00"
"1565834700","2019-08-14 23:05:00-03","f45eab274ebb","GTW_04","120","00:02:00"
"1565834640","2019-08-14 23:04:00-03","001b3510c516","GTW_01","1980","00:33:00"
"1565834580","2019-08-14 23:03:00-03","001b3510c516","-","60","00:01:00"
"1565834550","2019-08-14 23:02:30-03","f45eab274ebb","GTW_03","150","00:02:30"
"1565834490","2019-08-14 23:01:30-03","f45eab274ebb","GTW_04","60","00:01:00"
"1565834250","2019-08-14 22:57:30-03","f45eab274ebb","GTW_03","240","00:04:00"
"1565833920","2019-08-14 22:52:00-03","f45eab274ebb","GTW_04","330","00:05:30"
"1565833860","2019-08-14 22:51:00-03","f45eab274ebb","GTW_03","60","00:01:00"
"1565833770","2019-08-14 22:49:30-03","f45eab274ebb","GTW_04","90","00:01:30"
"1565833710","2019-08-14 22:48:30-03","f45eab274ebb","GTW_03","60","00:01:00"
"1565833290","2019-08-14 22:41:30-03","001b3510c516","GTW_01","1290","00:21:30"
"1565833200","2019-08-14 22:40:00-03","001b3510c516","-","90","00:01:30"
"1565832510","2019-08-14 22:28:30-03","f45eab274ebb","GTW_04","1200","00:20:00"
"1565832330","2019-08-14 22:25:30-03","f45eab274ebb","GTW_03","180","00:03:00"
"1565832240","2019-08-14 22:24:00-03","f45eab274ebb","GTW_04","90","00:01:30"
"1565832210","2019-08-14 22:23:30-03","001b3510c516","GTW_01","990","00:16:30"
"1565832150","2019-08-14 22:22:30-03","001b3510c516","-","60","00:01:00"
"1565832000","2019-08-14 22:20:00-03","f45eab274ebb","GTW_03","240","00:04:00"
"1565831910","2019-08-14 22:18:30-03","f45eab274ebb","GTW_04","90","00:01:30"
"1565831850","2019-08-14 22:17:30-03","001b3510c511","GTW_04","12060","03:21:00"
"1565831820","2019-08-14 22:17:00-03","f45eab274ebb","GTW_03","90","00:01:30"
"1565831790","2019-08-14 22:16:30-03","001b3510c511","GTW_03","60","00:01:00"
"1565831700","2019-08-14 22:15:00-03","001b3510c516","GTW_01","450","00:07:30"
"1565831640","2019-08-14 22:14:00-03","001b3510c516","-","60","00:01:00"
"1565831430","2019-08-14 22:10:30-03","f45eab274ebb","GTW_04","390","00:06:30"
"1565831280","2019-08-14 22:08:00-03","f45eab274ebb","GTW_03","150","00:02:30"
"1565831250","2019-08-14 22:07:30-03","001b3510c516","GTW_01","390","00:06:30"
"1565831220","2019-08-14 22:07:00-03","f45eab274ebb","GTW_04","60","00:01:00"
"1565831190","2019-08-14 22:06:30-03","001b3510c516","-","60","00:01:00"
"1565831100","2019-08-14 22:05:00-03","f45eab274ebb","GTW_03","120","00:02:00"
"1565831010","2019-08-14 22:03:30-03","001b3510c516","GTW_01","180","00:03:00"
"1565830950","2019-08-14 22:02:30-03","001b3510c516","-","60","00:01:00"
"1565830920","2019-08-14 22:02:00-03","f45eab274ebb","GTW_04","180","00:03:00"
"1565830830","2019-08-14 22:00:30-03","f45eab274ebb","GTW_03","90","00:01:30"
"1565830800","2019-08-14 22:00:00-03","001b3510c516","GTW_01","150","00:02:30"
"1565830740","2019-08-14 21:59:00-03","001b3510c516","-","60","00:01:00"
"1565830740","2019-08-14 21:59:00-03","f45eab274ebb","GTW_04","90","00:01:30"
"1565830680","2019-08-14 21:58:00-03","f45eab274ebb","GTW_03","60","00:01:00"
"1565830620","2019-08-14 21:57:00-03","f45eab274ebb","GTW_04","60","00:01:00"
"1565830350","2019-08-14 21:52:30-03","f45eab274ebb","GTW_03","270","00:04:30"
"1565830230","2019-08-14 21:50:30-03","f45eab274ebb","GTW_04","120","00:02:00"
"1565829900","2019-08-14 21:45:00-03","f45eab274ebb","GTW_03","330","00:05:30"
"1565829780","2019-08-14 21:43:00-03","f45eab274ebb","GTW_04","120","00:02:00"
"1565829630","2019-08-14 21:40:30-03","f45eab274ebb","GTW_03","150","00:02:30"
"1565829420","2019-08-14 21:37:00-03","f45eab274ebb","GTW_04","210","00:03:30"
"1565829360","2019-08-14 21:36:00-03","f45eab274ebb","GTW_03","60","00:01:00"
"1565829300","2019-08-14 21:35:00-03","f45eab274ebb","GTW_04","60","00:01:00"
"1565829180","2019-08-14 21:33:00-03","f45eab274ebb","GTW_03","120","00:02:00"
"1565829120","2019-08-14 21:32:00-03","f45eab274ebb","GTW_04","60","00:01:00"
"1565828910","2019-08-14 21:28:30-03","001b3510c516","GTW_01","1830","00:30:30"
"1565828850","2019-08-14 21:27:30-03","001b3510c516","-","60","00:01:00"
"1565828700","2019-08-14 21:25:00-03","f45eab274ebb","GTW_03","420","00:07:00"
"1565828610","2019-08-14 21:23:30-03","001b3510c516","GTW_01","240","00:04:00"
"1565828520","2019-08-14 21:22:00-03","001b3510c516","-","90","00:01:30"
"1565828340","2019-08-14 21:19:00-03","f45eab274ebb","GTW_04","360","00:06:00"
"1565828280","2019-08-14 21:18:00-03","f45eab274ebb","GTW_03","60","00:01:00"
"1565828220","2019-08-14 21:17:00-03","f45eab274ebb","GTW_04","60","00:01:00"
"1565827890","2019-08-14 21:11:30-03","001b3510c516","GTW_01","630","00:10:30"
"1565827860","2019-08-14 21:11:00-03","f45eab274ebb","GTW_03","360","00:06:00"
"1565827800","2019-08-14 21:10:00-03","f45eab274ebb","GTW_04","60","00:01:00"
"1565827800","2019-08-14 21:10:00-03","001b3510c516","-","90","00:01:30"
"1565827620","2019-08-14 21:07:00-03","555600000009","-","51300","14:15:00"
"1565827590","2019-08-14 21:06:30-03","555600000006","-","59640","16:34:00"
"1565827530","2019-08-14 21:05:30-03","001b3510c516","GTW_01","270","00:04:30"
"1565827350","2019-08-14 21:02:30-03","f45eab274ebb","GTW_03","450","00:07:30"
"1565827260","2019-08-14 21:01:00-03","001b3510c516","-","270","00:04:30"
